Building_Related,Scene_Related,Animal,Daily_Item,Vehicle,Tool_Equipment,Food_Drink,画面质量_通用增强,构图_画面组织,镜头感_视角类,光照类,细节_质感类,空间_景深_层次,氛围_情绪类,动势_视觉能量,干净度_背景控制,真实感_一致性控制,People_Related,Plant_Related,Event_Culture,Brand_Model,Science_Tech,Abstract_Concept,Sports_Activity
Ancient Chinese architecture,Building,Tortoise,Toothbrush,Ambulance,Container,Apple,high quality,centered composition,eye-level view,soft lighting,delicate texture,sense of depth,calm atmosphere,dynamic energy,clean background,natural appearance,Skull,Tree house,May day,Atari lynx,Chemical compound,Advertising,Cliff jumping
Eastern rural building,Bathroom accessory,Sea turtle,Glove,Bicycle,Chainsaw,Grape,best quality,balanced framing,slightly elevated view,even lighting,fine texture,strong depth,serene mood,visual rhythm,simplified background,visual consistency,Boy,Christmas tree,Mardi Gras,Zenvo ST,Radiology,Treasure,Tournament
Historic house,Castle,Bird,Belt,Bicycle wheel,Medical equipment,Cucumber,ultra detailed,symmetrical balance,slightly low angle,diffused lighting,rich surface detail,layered depth,quiet mood,subtle motion,uncluttered background,coherent details,Woman,Rose,Groundhog day,Acura,Biology,Reconnaissance,Hiking
Military officer,Bathroom cabinet,Bear,Sunglasses,Boat,Stretcher,Radish,highly detailed,asymmetrical balance,frontal view,gentle highlights,tactile quality,foreground separation,subtle tension,natural flow,minimal distractions,consistent lighting,Man,Houseplant,Chinese new year,Citroën sm,Mechanical puzzle,Style,Slam dunk
Schutzhund,Office building,Brown bear,Backpack,Barge,Indoor rower,Zucchini,fine details,clean composition,three-quarter view,natural light,subtle texture variation,background separation,gentle mood,fluid composition,clean separation,consistent shading,Girl,Sunflower,Japanese festivals,Ford pinto,Electronic engineering,Military rank,Duel
Opera house,Bathtub,Woodpecker,Power plugs and sockets,Gondola,Ball,Cheese,rich details,organized layout,dynamic perspective,ambient light,smooth surfaces,atmospheric depth,immersive mood,graceful movement,tidy composition,realistic depth cues,Body part,Lavender,Christmas eve,Republic p-47 thunderbolt,Chemical substance,Comedian,Sports game
Non-commissioned officer,Toy,Blue jay,Computer mouse,Jet ski,Football,Dairy Product,sharp details,strong focal point,natural perspective,balanced illumination,detailed surfaces,spatial clarity,elegant atmosphere,dynamic balance,reduced clutter,believable form,Eye,Tree,Earth day,Citroën zx,Chemical engineer,Freestyle walking,Sportswear
Public library,House,Bee,Necklace,Watercraft,Volleyball,Egg,crisp image,clear subject separation,balanced perspective,subtle shadows,clean edges,dimensional composition,dreamy atmosphere,directional flow,focused scene,natural transitions,Head,Flower,New Years Day,Boeing 737,Electronics,Retro style,Basque rural sports
Stadium,Bedroom,Bat,Earrings,Bus,Cricket ball,Bagel,clean image,layered composition,immersive framing,soft shadows,precise contours,visual depth,soft atmosphere,energetic arrangement,visual cleanliness,cohesive rendering,Face,Palm tree,Veterans day,Pontiac vibe,Electronic cigarette,Freestyle swimming,Sports bra
Chutney,Doll,Starfish,Tiara,Limousine,Ladder,Croissant,polished,spacious composition,intimate framing,clean highlights,refined textures,depth contrast,airy atmosphere,visual momentum,isolated emphasis,stable structure,Mouth,Maple,Saint patrick's day,Boeing 757,Marine electronics,Freestyle slalom skating,European union passports
House sparrow,Street light,Centipede,Hat,Land vehicle,Syringe,Pancake,refined details,open composition,wide framing,luminous atmosphere,material definition,soft depth falloff,contemplative mood,organic flow,background restraint,accurate proportions,Ear,Coconut,Ash Wednesday,Boeing 717,Marine biology,Display advertising,Sports prototype
Museum ship,Skyscraper,Beetle,Fedora,Golf cart,Screwdriver,Waffle,visually coherent,compact composition,close framing,controlled contrast,micro details,immersive depth,cinematic mood,smooth motion cues,soft background treatment,smooth visual logic,Nose,Lily,Maundy thursday,Ford taurus,Electronic drum,Freestyle scootering,Toyota sports 800
Listed building,Closet,Cattle,Cowboy hat,Snowmobile,Surfboard,Muffin,balanced composition,dynamic composition,medium framing,delicate light falloff,nuanced texture,layered spatial structure,intimate mood,gentle motion,clear silhouette,consistent material response,Hair,Willow,Martin Luther King Jr. Day,Ford model t,Electronic signage,Mohawk hairstyle,Windsports
Building sand castles,Towel,Camel,Sun hat,Motorcycle,Drill,Tart,professional finish,stable composition,cinematic perspective,rim lighting,layered details,clear foreground and background,restrained mood,dynamic tension,strong separation,grounded composition,Hand,Azalea,Christmas cracker,Ford anglia,Electronic component,Flying disc freestyle,Datsun sports
Bodybuilding,Tower,Cat,Sombrero,Train,Stationary bicycle,Cookie,high fidelity,visual hierarchy,depth-aware composition,backlighting,subtle surface variation,depth-enhanced scene,peaceful ambiance,lively composition,subject emphasis,,Foot,Camomile,Valentine's day,Boeing,Structural biology,Media,Underwater sports
Medieval architecture,Countertop,Dolphin,Scarf,Plane,Wrench,Popcorn,clear focus,negative space,Triangle,front lighting,Composite material,,Atmosphere of earth,Cauliflower,Tidy tips,,Arm,Plantation,Bastille day,Boeing 2707,Chemical tanker,Brother thelonious belgian style abbey ale,Ssangyong musso sports
Capsule hotel,Dining table,Fox,Coat,Helicopter,Hammer,Pretzel,well-defined forms,well-structured scene,Wide-body aircraft,side lighting,Road surface,,Atmosphere,Flowering dogwood,Isolated Mountain Hut,,Leg,Narcissus,Sunday roast,Boeing e-6 mercury,Optoelectronics,Singapore-style noodles,Hiking boot
Apartment,Fireplace,Giraffe,Jacket,Cart,Ratchet,French fries,strong visual clarity,natural arrangement,Interview,volumetric light,Material,,,Coneflower,,,Beard,Tuber,President's day,Northrop t-38 talon,Electronic tuner,Napoleon iii style,Sports commentator
Maritime museum,Home appliance,Goat,Shirt,Vehicle registration plate,Paddle,Hot dog,clean rendering,uncluttered frame,Tangle-web spider,atmospheric lighting,Ford contour,,,Passion flower,,,Media player,Poinsettia,Victoria day,Ford maverick,Electronic tanpura,Freestyle wrestling,Austin a40 sports
Byzantine architecture,Kitchen,Goldfish,Dress,Submarine,Flashlight,Fast food,intricate details,coherent framing,Mountain view cur,glowing accents,Transparent material,,,Energy drink,,,National sovereignty and children's day,Cucurbita,Birthday,Boeing 767,Electronics accessory,Multimedia,Sports sedan
Police officer,Kitchen appliance,Horse,Miniskirt,Segway,Light switch,Snack,Burger king premium burgers,delicate balance,Close-up,Ultralight aviation,Building material,,,Purple coneflower,,,Manx,Poker primrose,New year's eve,Boeing b-52 stratofortress,Portable electronic game,Online advertising,Stick and Ball Sports
House gecko,Kitchen utensil,Panda,Skirt,Tank,Printer,Food,Crispy fried chicken,Ford focus,California spangled,Flight,Surface lure,,,Leg extension,,,Birman,Plant pathology,International women's day,Boeing p-26 peashooter,,Chevrolet styleline,Aston martin 2-litre sports
Church,Kitchenware,Rhinoceros,Shorts,Truck,Computer keyboard,Fruit,Crisp bread,Balance,Mitsuoka viewt,Light meter,Explosive material,,,Mayflower,,,Firefighter,Aquatic plant,Canada day,Boeing 747,,Freestyle bmx,Sports
Japanese architecture,Flying disc,Harbor seal,Swimwear,Wheel,Computer monitor,Winter melon,Crisp,Ford focus rs,Jeep wrangler,Flight attendant,Material property,,,Hype energy,,,Bodyguard,Lily family,Mid-autumn festival,Ford cortina,,California-style pizza,Air sports
House finch,Living room,Magpie,Suit,Auto part,Laptop,Juice,Apple crisp,Ford focus rs wrc,Bangle,Lighting,Texture,,,Jade flower,,,Performance art,Silver Maple,Flag Day,Pontiac gto,,Freestyle skiing,Individual sports
Coffeehouse,Office supplies,Tick,Brassiere,Rocket,Headphones,Coffee,Honda fcx clarity,Framing hammer,Wrangler,Light cruiser,Surface effect ship,,,Large-flowered cactus,,,Tractor,Black maple,Christmas,Ford sierra,,Freestyle football,Disabled sports
Operating theater,Porch,Carnivore,Sock,Airplane,Cassette deck,Beer,Laelia crispa,Musical composition,Angle grinder,Shadow,Natural material,,,Pincushion flower,,,Portuguese man o' war,Maple sugar,Victory day,Staffordshire bull terrier,,Freestyle motocross,Indoor games and sports
Workhouse,Scissors,Penguin,Tie,Seat belt,Organ,Cocktail,,Ford focus electric,Rear-view mirror,Lighter,Packing materials,,,Energy bar,,,Fairchild republic a-10 thunderbolt ii,Lemongrass,Easter monday,Boeing b-17 flying fortress,,Hairstyle,Endurance sports
Water castle,Shower,Dinosaur,Suitcase,Unicycle,Banjo,Drink,,,Great Spangled Fritillary,Flight engineer,Surface water sports,,,Energy,,,Student,Grassland,One day international,Ford,,Slopestyle,Net sports
Brutalist architecture,Sink,Isopod,Cosmetics,Van,Bow and arrow,Guacamole,,,Bird's-eye view,Eye shadow,Lunar Surface,,,Broccoflower,,,Human eye,Nuclear power plant,Christmas pudding,Citroën c3,,Multimedia projector,Naked hiking
Hutch,studio couch,Marine invertebrates,Boot,Tire,Cello,Burrito,,,Anglerfish,Light aircraft carrier,,,,Triumph mayflower,,,Factory,Rose hip,Day of arafat,Citroën ds,,Blank media,Zil-112 sports
Bounce house,Toilet,Hamster,Cream,Car,Cannon,Squash,,,Closed blue gentian,Track lighting,,,,Flannel flower,,,Adult,Herbaceous plant,Day,Ford crown victoria,,Multimedia software,Bentley continental supersports
Eastern orthodox church architecture,Window,Insect,Goggles,Taxi,Nail,Dessert,,,Wide Sawfish,Light commercial vehicle,,,,Eyelash extensions,,,Cowboy,Coconut oil,Lantern festival,Ford f-550,,,Sports toy
Churchkhela,Window blind,Invertebrate,Roller skates,Canoe,Hiking equipment,Asparagus,,,Automotive side-view mirror,Aquarium lighting,,,,Orange flower water,,,Singer-songwriter,Ebony trees and persimmons,White day,Citroën saxo,,,Sports collectible
House Wren,Tent,Jaguar,Personal care,Aerial vehicle,Drum,Peach,,,Rectangle,Lightning gt,,,,Flowering tea,,,Dvd player,Tree planting,Holy saturday,Citroën c2,,,Sports jersey
Marine architecture,Wood-burning stove,Kangaroo,Face powder,Vespa,Dagger,Common fig,,,Wide leaved spring beauty,Dodge shadow,,,,Laceflower,,,B-boying,Ptelea trifoliataHoptree,Daytime,Boeing 787 dreamliner,,,Autographed sports paraphernalia
Hotel manager,Lantern,Koala,Baseball glove,Ocarina,Tin can,Artichoke,,,Rainforest Canopy View,Lockheed martin f-35 lightning ii,,,,Elderflower cordial,,,Boysenberry,Tree anemone,Daydream,Boeing c-40 clipper,,,Hiking shoe
Sugar house,Convenience store,Lynx,Sandal,Sports car,Ski,Milk,,,Rocky Plateau View,Christmas lights,,,,Emotion,,,Gentleman,Daylily,Dodge daytona,Ford windstar,,,Sports gear
Outhouse,Crosswalk Sign,Lizard,Bicycle helmet,Hospital ship,Barrel,Baked goods,,,Elevated Train View,Turkish delight,,,,Bellflower,,,Mandarin orange,Maple leaf,Christmas Orchid,Ford galaxie,,,Animal sports
Love hotel,Mug,Mammal,Fashion accessory,Businessperson,Treadmill,Mushroom,,,,Flightless bird,,,,Parrot flower,,,Cd player,Non-vascular land plant,Dodge charger daytona,Ford torino,,,Kite sports
Almshouse,Coffee cup,Mouse,Swim cap,Christmas carol,Guitar,Potato,,,,Moonlight,,,,Pasqueflower,,,Grumman c-2 greyhound,Plant stem,Independence day,Ford ranchero,,,Precision sports
Churchill tank,Parking meter,Polar bear,Crutch,Sodium bicarbonate,Baseball bat,Pasta,,,,Grevillea 'moonlight',,,,Passion flower family,,,Batman,Land plant,Christmas stocking,Ford prefect,,,Weapon combat sports
Warehouse,Teapot,Ostrich,Briefcase,Supercar,Harp,Pumpkin,,,,Safelight,,,,General dynamics f-16 fighting falcon,,,Chapman stick,American Tree Sparrow,Holiday,Ford aspire,,,Striking combat sports
Aircraft cabin,Sidewalk,Pig,Hair spray,Training,Harpsichord,Pear,,,,Nightlight,,,,Safflower,,,Northrop grumman b-2 spirit,American rosefinches,Gasparilla pirate festival,Boeing c-17 globemaster iii,,,Water & Ball Sports
Clock tower,Mixing bowl,Raven,Lipstick,Aircraft engine,Harmonica,Pizza,,,,Bicycle lighting,,,,5-hour energy,,,Manicure,Triplet lily,Ekmek kadayıfı,"Ford model b, model 18, & model 40",,,Wall & ball sports
Field house,Street Lights,Red panda,High heels,Carbon,Scale,Seafood,,,,Buddha's delight,,,,Blue cardinal flower,,,Supersonic transport,Rose breasted Grosbeak,Labour day,Ford laser,,,sports ball
Penthouse apartment,Cutting board,Rabbit,Trousers,Jet aircraft,Punching bag,Submarine sandwich,,,,Light,,,,Wildflower,,,Northrop Grumman,Ice plant,Ferrari daytona,Ford telstar,,,
Warehouseman,Surveillance Camera,Squirrel,Football helmet,Airbus a320 family,Golf ball,Sushi,,,,Light-emitting diode,,,,Flower girl,,,Person,Ice plant family,Shelby daytona,Ford meteor,,,
Bell tower,Spatula,Scorpion,Handbag,Airbus a330,Bottle,Tea,,,,Emergency light,,,,Bellflower family,,,Mannequin,American Tree Creeper,Christmas ornament,Ford mondeo,,,
Temple fade,Traffic sign,Snake,Footwear,Airbus,Dumbbell,Taco,,,,Jaguar advanced lightweight coupe concept,,,,Prairie pasqueflower,,,Performance,Giant white arum lily,Republic day of turkey,Ford falcon,,,
Log cabin,Ladle,Sheep,Diaper,Shadbush,Horn,Strawberry,,,,Studebaker starlight,,,,Dayflower,,,Artistic gymnastics,Burnet rose,Christmas elf,Ford scorpio,,,
Dollhouse,Traffic cone,Tiger,Jeans,Recumbent bicycle,Billiard table,Tomato,,,,Lockheed p-38 lightning,,,,Extension cord,,,Human Torch,Barking Tree Frog,Honda today,Pontiac sunfire,,,
House fly,Whisk,Fish,Watch,Christmas card,Musical instrument,Cooking spray,,,,Rolls-royce silver shadow,,,,Monkey-flower,,,Invisiable Woman,Blackberry lily,Saint george's day,Ford country squire,,,
Chute,Traffic light,Worm,Sports uniform,Mg cars,Snowplow,Wine,,,,Sunlight,,,,Flower beetles,,,Tradesman,Audi rosemeyer,Black awareness day,Ford freestar,,,
Cooling tower,Can opener,Whale,Umbrella,Caraway,Missile,Bread,,,,Automotive lighting,,,,Woodland sunflower,,,Mole salamander,China rose,Christmas decoration,Ford festiva,,,
Manor house,Beach,Squid,Glasses,Viking ships,Mobile phone,Lemon,,,,Lighter aboard ship,,,,Night-flowering jasmine,,,Tiger salamander,Prickly rose,New year,Boeing 747-400,,,
China cabinet,Toaster,Zebra,Crown,Ferris wheel,Musical keyboard,Banana,,,,Lamplighter,,,,Flowering plant,,,Giant salamander,Sego lily,First Day of Passover,Acura tsx,,,
Roman temple,Garden Asparagus,Monkey,Perfume,Steamboat,Scoreboard,Hamburger,,,,Security lighting,,,,Sunflower butter,,,Blue-collar worker,Toothache plant,Palm sunday,Boeing c-137 stratoliner,,,
Ancient greek temple,Blender,Lion,Wheelchair,Ground attack aircraft,Table tennis racket,Ice cream,,,,Light aircraft,,,,Gilliflower,,,White-collar worker,Peruvian lily,World book day,Ford landau,,,
Transmission tower,Garden,Chicken,Helmet,Airbus a380,Tennis ball,Orange,,,,Moonlight cactus,,,,Twinflower,,,Human positions,Primrose family,Buddha's birthday,Citroën type c,,,
Household hardware,Slow cooker,Eagle,Luggage & bags,Escarpment,Oboe,Vegetable,,,,Ford lightning,,,,Woolflowers,,,International student,Chastetree,Dayereh,Ford falcon cobra,,,
Housekeeping,Grass,Owl,Dr. Manhattan,Friendship,Piano,Shellfish,,,,Studebaker flight hawk,,,,Serbian bellflower,,,Mandola,Multiflora rose,Pi day,Pontiac g8,,,
Toll house,Oven,Duck,Toothpaste,Ballistic missile submarine,Sports equipment,Cabbage,,,,Light fixture,,,,Energy shot,,,Human hair color,Rose of Sharon,First Day of Ramadan,Citroën c-airdream,,,
Architecture,Lawn,Turtle,T-shirt,Shopping cart,Snowboard,Carrot,,,,Landscape lighting,,,,Dayflower family,,,Mangaka,Woody plant,International kissing day,Ford transcontinental,,,
Shuttle tanker,Gas stove,Hippopotamus,Motorcycle helmet,Flagship,Skateboard,Dairy,,,,Aai rq-7 shadow,,,,Moonflower,,,Pin-up girl,Umbrella tree,Republic day,Ford ba falcon,,,
Hotel,Park,Crocodile,Baking powder,Carpenter,Rifle,Mango,,,,Studebaker light six,,,,Tall bellflower,,,Volkswagen karmann ghia,Western red lily,Labor Day,Citroën ax,,,
Theatre,Washing machine,Spider,Hatchback,Battleship,Saxophone,Pineapple,,,,Under-cabinet lighting,,,,Globe flower,,,Chef,Shining willow,Indian independence day,Citroën visa,,,
Office equipment,Playground,Deer,Hatmaking,Cardigan,Shotgun,Cake,,,,Incandescent light bulb,,,,White egret flower,,,Romance,Virginia Rose,St. martin's day,Citroën gs,,,
House numbering,Plumbing fixture,Frog,Powdered sugar,Boeing b-47 stratojet,Sword,Honeycomb,,,,Coca-cola light sango,,,,Purple passionflower,,,Romance novel,Evening primrose,Christmas dinner,Ford five hundred,,,
Video game arcade cabinet,Sand,Oyster,Baby bottle,Bicycle frame,Tripod,Candy,,,,Lighthouse keeper,,,,Mana energy potions,,,Girl scouts of the usa,Blue eyed grass,Mother's day,Pontiac g6,,,
Chinese architecture,Bidet,Ant,Sour cream,Victory ship,Stethoscope,Salad,,,,Lightning,,,,Fennel flower,,,Elvis impersonator,Pine Woods Treefrog,Father's day,Ford bf falcon,,,
Church bell,Sea,Dog,American frontier,Savanna,Television,Broccoli,,,,Floodlight,,,,Balloon flower,,,Mantis shrimp,Green-eyed tree frog,Australia day,Pontiac solstice,,,
Naval officer,Tap,Elephant,New World porcupine,Train conductor,Trombone,Pastry,,,,Light bulb,,,,Solar energy,,,Aquaman,Western pussy willow,April fool's day,Ford köln,,,
Music library,Snow,Shark,Hatter,Douglas Aircraft Company,Telephone,Grapefruit,,,,Video camera light,,,,Four o'clock flower,,,Doctor Octopus,Seed plant,Anzac day,Ford au falcon,,,
Soccer-specific stadium,Fire hydrant,Leopard,Hard hat,Bustard,Torch,Bell pepper,,,,Automotive fog light,,,,Artificial flower,,,Purple mangosteen,Tuberose,Memorial day,Ford airstream,,,
Eco hotel,Swimming pool,Porcupine,Flat-coated retriever,Memory card,Trumpet,Pomegranate,,,,Automotive interior lighting,,,,Spurflowers,,,Man-of-war,Perennial plant,Good friday,Ford eifel,,,
Mosque,Water,Canary,Cream tea,Carpaccio,Tool,Doughnut,,,,Lighting accessory,,,,Sunflower oil,,,Lifeguard,Grasshopper,National grandparents day,Ford ka,,,
Presidential palace,Mechanical fan,Cheetah,Clotted cream,Bushtit,Picnic basket,Watermelon,,,,Automotive tail & brake light,,,,Chrysler airflow,,,Spokesperson,California wild rose,Remembrance day,Ford popular,,,
Library,Ceiling fan,Lobster,Cupid,Tugboat,Bowling equipment,Cantaloupe,,,,Dart flight,,,,Cuckoo flower,,,Personal water craft,Slender willow,Ascension day,Ford mustang fr500,,,
Ice hotel,Clock,Hedgehog,Cockatiel,Grumman Aircraft Corporation,Boxing equipment,Sandwich,,,,Automotive side marker light,,,,Motion detector,,,True salamanders and newts,Pink evening primrose,First day of school,Boeing e-4,,,
Housekeeper,Calculator,Otter,Raincoat,Kei car,Violin,Tears,,,,Automotive parking light,,,,Woolly sunflower,,,Lungless salamander,Dwarf day lily,Holiday ornament,Boeing 377,,,
Control tower,Fax,Bull,Curry powder,Muscle car,Weapon,Sheep milk cheese,,,,Visual effect lighting,,,,Fried cauliflower,,,Grumman llv,Coconut bar,Birthday candle,Ford corsair,,,
Open-air museum,Box,Caterpillar,Trench coat,Carriage,Jug,Gouda cheese,,,,Automotive light bulb,,,,Large-flowered evening primrose,,,Grumman a-6 intruder,Hairy willowherb,Festival,Northrop f-5,,,
Cabin,Snowman,Butterfly,Academic dress,Motorcycle speedway,Exercise equipment,Miso soup,,,,Daylighting,,,,Kick energy,,,Spotted salamander,Tree poppy,Saint-jean-baptiste day,Northrop f-89 scorpion,,,
Musical theatre,Chopsticks,Antelope,Bolo tie,World rally championship,Chisel,Brazilian food,,,,Flight instruments,,,,Cape flower,,,Woodland salamander,Coconut custard,All saints' day,Ford fiesta,,,
Movie palace,Kite,Jellyfish,Wine bottle,Dragon boat,Bench,Red bean soup,,,,Sunrise at Lighthouse,,,,Desoto airflow,,,Red back salamander,Fragrant white water lily,All souls day,Boeing 247,,,
Commercial building,Beehive,Moths and butterflies,Hot hatch,Forklift truck,Tablet computer,Multigrain bread,,,,Lighthouse Cliffs,,,,Pink moccasin flower,,,Airman,Curry tree,Saint nicholas day,Acura tl,,,
Boutique hotel,Balloon,Goose,Bottled water,Bus stop,Waste container,Cheeseburger,,,,Twilight Forest Edge,,,,Beach moonflower,,,Northern Praying Mantis,Torch lily,Liberation day,Northrop yf-17,,,
Mortuary temple,Billboard,Mule,White breasted Nuthatch,Carbonated water,Electronic device,Port wine,,,,,,,,Cut flowers,,,Amanattō,Avalanche lily,Arbor day,Ford orion,,,
Malt house,Stairs,Swan,Red breasted Nuthatch,Carcharhiniformes,Axe,Apple pie,,,,,,,,Common sunflower,,,Manhole cover,Plant sap,Hot Air Balloon Festival,Ford transit,,,
Mound-building termites,Chair,Raccoon,Baileys irish cream,Business jet,Horizontal bar,Food coloring,,,,,,,,Sunflower seed,,,Manhole,California fawn lily,Floating Lantern Festival,Boeing 314,,,
Doghouse,Poster,Falcon,Cream liqueur,Ironclad warship,Bomb,Mulled wine,,,,,,,,Wallflower,,,Sandman,Yellow avalanche lily,Rainy Day Café,Ford rs200,,,
Parachuting,Cabinetry,Snail,Panties,Wheelbarrow,Parachute,Chocolate milk,,,,,,,,Energy gel,,,Manger,Tree stand,,Citroën cx,,,
Palace,Desk,Dragonfly,Boxing glove,Cardinal,Beaker,Wheat beer,,,,,,,,Flower Arranging,,,Ottoman cuisine,Eggplant salads and appetizers,,Ford escape hybrid,,,
Post office,Bronze sculpture,Marine mammal,Daihatsu materia,Card game,Camera,Pumpkin pie,,,,,,,,Cauliflower cheese,,,Tokwa’t baboy,Rain lily,,Citroën bx,,,
Observation tower,Pitcher,Sea lion,Honda that's,Health care,Racket,Cheddar cheese,,,,,,,,Flower girl basket,,,Lemang,Treeing tennessee brindle,,Pontiac grand prix,,,
Shot tower,Fountain,Parrot,Ranch dressing,Container ship,Chime,Drinking water,,,,,,,,Battery energy drink,,,California slender salamander,Treeing cur,,Ford explorer,,,
Shutter,Stapler,Sparrow,Hockey sock,Warship,Flowerpot,Potato salad,,,,,,,,Blanket flowers,,,Skate guard,Parlour maple,,Pontiac bonneville,,,
Shuttlecock,Wine rack,Turkey,Mince and tatties,Carpet,Lifejacket,Teacher,,,,,,,,Open Field with Wildflowers,,,Dutchman's pipe,Coconut candy,,Ford probe,,,
Hindu temple,Dice,Skunk,Chole bhature,Flying boat,Handgun,Palm wine,,,,,,,,,,,Shin guard,Prosecco,,Citroën c5,,,
Bodybuilding supplement,Couch,Shrimp,Ice cream cone,Shipwreck,Grinder,Cottage cheese,,,,,,,,,,,Nash statesman,Tree frog,,Ford capri,,,
Farmhouse,Whiteboard,Rays and skates,Cream soda,Gunboat,Corded phone,Instant coffee,,,,,,,,,,,Salamandra,Maple syrup,,Northrop yf-23,,,
Temple,Pencil sharpener,Crab,Salad dressing spread,Bicycle chain,Tennis racket,Andhra food,,,,,,,,,,,Aviation ordnanceman,Planter's punch,,Ford mainline,,,
Office chair,Door,Seahorse,Bow tie,Carousel,Ruler,Green winged Teal,,,,,,,,,,,Steelworker,Evergreen rose,,Ford super duty,,,
Hut,Eraser,Alpaca,Daihatsu mira gino,Dragon boat festival,Microphone,Local food,,,,,,,,,,,Bargirl,Orange lily,,Ford taurus x,,,
Tower running,Stop sign,Armadillo,Hatchet,Bicycle pedal,Band-aid,Buttermilk,,,,,,,,,,,Human mouth,Majestic tree hound,,Ford el falcon,,,
Garden buildings,Interior design,Lady bug,Patient,Vanessa atalanta,Flute,Milkshake,,,,,,,,,,,German spaniel,Scentless Plant Bugs,,Ford flex,,,
Museum,Vase,Reptile & Amphibian,Rugby shirt,Volkswagen jetta,Balance beam,Cornbread,,,,,,,,,,,Manitoba maple,Coconut jam,,Acura arx-01,,,
Newcastle brown ale,Wardrobe,Icelandic sheepdog,Yellow breasted Chat,Sidecar,Binoculars,Proteales,,,,,,,,,,,Marksman,Fernleaf lavender,,Boeing x-45,,,
Hutspot,Paper towel,Domestic short-haired cat,Bottle cap,Caryophyllales,Ipod,Blue winged Teal,,,,,,,,,,,Fire salamander,Franklin tree,,Northrop yb-35,,,
Space shuttle,Salt and pepper shakers,Gazelle,Wedding dress,Chili con carne,Accordion,Sliced bread,,,,,,,,,,,Curtiss c-46 commando,Guernsey lily,,Northrop yb-49,,,
Household silver,Nightstand,Ocicat,Impatiens,Wild carrot,Remote control,String cheese,,,,,,,,,,,Grumman f-11 tiger,Planter,,Ford fairmont,,,
Housewarming party,Pillow,Human beard,Mossy cup oak,Carabiner,Rugby ball,Green tea,,,,,,,,,,,Grumman e-1 tracer,Treeing feist,,Ford xl falcon,,,
Water tower,Bookcase,Bird-of-paradise,Egg cream,Tall ship,Maracas,Oregon grape,,,,,,,,,,,Siamang,Velvet plant,,Ford xk falcon,,,
Woodhouse's Toad,Door handle,Japanese beetle,Mugwort,Business card,Ac power plugs and socket-outlets,Beer pong,,,,,,,,,,,Grumman f9f panther,French lavender,,Ford xm falcon,,,
Theater curtain,Kettle,Crow-like bird,Public address system,Mascarpone,Player piano,Caerphilly cheese,,,,,,,,,,,Fairchild c-123 provider,Sensitive plant,,Ford xp falcon,,,
Boathouse,Sofa bed,Butterfly milkweed,Little black dress,Scarecrow,Pipe organ,Juicer,,,,,,,,,,,Baseball player,Rainbow rose,,Ford xr falcon,,,
Nonbuilding structure,Adhesive tape,Bobcat,Batting helmet,Northern Cardinal,Bass guitar,Potato pancake,,,,,,,,,,,Basketball player,Autograss,,Ford xw falcon,,,
Ancient roman architecture,Saucer,American eskimo dog,Cream cheese,Cruise ship,Torque wrench,Food storage,,,,,,,,,,,Military person,Smoketree,,Ford xy falcon,,,
Classical architecture,Heater,Shetland sheepdog,Cork hat,Caravel,Organist,Chicken fried steak,,,,,,,,,,,Chiropractor,Primrose,,Ford xa falcon,,,
Gothic architecture,Curtain,Eagle scout,Cream bun,Katsuobushi,Machine tool,Asian food,,,,,,,,,,,Factory worker,Wheatgrass,,Ford xb falcon,,,
Amphitheatre,Bed,Five-pin bowling,Cloche hat,Dodge caravan,Camera lens,Scrapple,,,,,,,,,,,Manicurist,Cucumber tree,,Ford xc falcon,,,
Slaughterhouse,Drinking straw,Blackbird,Lacrosse glove,Sud aviation caravelle,Disposable camera,Coffee filter,,,,,,,,,,,Actor,Maple taffy,,Ford durango,,,
Courthouse,Hair dryer,Triggerfish,Chiboust cream,Personal luxury car,Monitor,Coffee percolator,,,,,,,,,,,Manager,Egyptian lavender,,Ford gt,,,
Egyptian temple,Food processor,Rabbits and Hares,Daihatsu sonica,Scarlet witch,Hydraulic rescue tools,Protea,,,,,,,,,,,Hellboy,Varnish tree,,Citroën xm,,,
Building insulation,Refrigerator,Sheepdog trial,Daihatsu esse,Bushmeat,Brass instrument,Malaysian food,,,,,,,,,,,Compactor,Charoset,,Ford versailles,,,
Playhouse,Jacuzzi,Northrop f-20 tigershark,Daihatsu tanto,Vintage car,Instant camera,Cantonese food,,,,,,,,,,,German shorthaired pointer,Plant,,Boeing e-3 sentry,,,
Home theater system,Cocktail shaker,Great horned owl,Daihatsu taft,Classic car,Digital piano,Cajun food,,,,,,,,,,,German wirehaired pointer,Shoe tree,,Boeing c-97 stratofreighter,,,
Household paper product,Alarm clock,Great grey owl,Irish soft-coated wheaten terrier,Caribbean food,Hidden camera,Take-out food,,,,,,,,,,,Personal grooming,White mexican rose,,Boeing c-32,,,
Office instrument,Filing cabinet,Delicatessen,Plastic bottle,Carob tree,Electric piano,Ugli fruit,,,,,,,,,,,Hillman imp,Plant community,,Acura mdx,,,
Tool cabinet,Table,Butterfly stroke,Fruit cup,Carpenter bee,Guitar pick,Paddle steamer,,,,,,,,,,,Postal worker,Strawberry tree,,Acura el,,,
Household thermometer,Tableware,Eastern Screech owl,Persian buttercup,Passenger ship,Kit violin,Giant anteater,,,,,,,,,,,Human body,Grasshopper mouse,,Ford kuga,,,
Office rubber stamp,Knife,Western Screech owl,Ghatam,Cartoon,Electronic keyboard,Passion fruit,,,,,,,,,,,Manila galleon,Rosemary,,Citroën xantia,,,
Cabinet hardware,Bottle opener,Bowling,Irish cream,Collectible card game,Guitar amplifier,Jackfruit,,,,,,,,,,,Grumman f-9 cougar,Rose order,,Citroën lna,,,
Household supply,Lighthouse,Belted Kingfisher,Dust jacket,Fokker f27 friendship,Hand tool,Sports drink,,,,,,,,,,,Nursery,Rose family,,Citroën berlingo électrique,,,
Household cleaning supply,Bowl,Yellow billed Magpie,Ice-cream-bean,Fokker f28 fellowship,Audio equipment,Earl grey tea,,,,,,,,,,,Mansion,Blue rose,,Ford thames 400e,,,
Birdhouse,Humidifier,Black billed Magpie,Sheath dress,Volvo cars,Camera operator,Chinese food,,,,,,,,,,,Po' boy,Mustard plant,,Pontiac can am,,,
Office tape,Frying pan,Eurasian magpie,Horchata,Concept car,Rock-climbing equipment,Frozen food,,,,,,,,,,,Woman warrior,Tree nuts,,Ford fordor,,,
Office ruler,Bust,Catamaran,Five-spice powder,Scarlet Tanager,Video camera,American food,,,,,,,,,,,German spitz mittel,Band winged grasshoppers,,Pontiac 6000,,,
Office application software,Waffle iron,Red winged Blackbird,Powdered milk,Cargo,Impact wrench,Soup,,,,,,,,,,,Dauer 962 le mans,Rock rose,,Boeing b-50 superfortress,,,
Greenhouse Frog,Ring binder,Ball bearing,Buttercup,Republic f-84 thunderjet,Acoustic-electric guitar,Southeast asian food,,,,,,,,,,,Climbing salamander,Common evening primrose,,Boeing x-32,,,
Naval architecture,Plate,Crane-like bird,Starscream,Stealth aircraft,Geologist's hammer,Kosher food,,,,,,,,,,,Samanu,Ti plant,,Ford motor company,,,
Movie theater,Mirror,Bowls,Hair tie,Cable car,Traditional japanese musical instruments,Cheesesteak,,,,,,,,,,,Farmworker,Tree mallow,,Ford bantam,,,
Greenhouse,Pencil case,Bird migration,Batting glove,Sorbus,Traditional vietnamese musical instruments,Convenience food,,,,,,,,,,,Defenseman,Silk tree,,Ford ikon,,,
Tower block,Kitchen knife,Fortification,Daihatsu opti,Savannah Sparrow,Morgan plus 8,Wine cooler,,,,,,,,,,,Tasmanian flax-lily,Ants climbing a tree,,Ford corcel,,,
Gingerbread house,Plastic bag,Shorebird,Daihatsu leeza,Antique car,Plug,Wedding cake,,,,,,,,,,,Romanian passport,Red-eyed tree frog,,Acura rl,,,
Cabinet/shelf,Chest of drawers,Northrop grumman ea-6b prowler,Chili powder,Supersonic aircraft,Diode,Staple food,,,,,,,,,,,Grumman x-29,Tuberous pea,,Pontiac fiero,,,
Cliffside Temple,Infant bed,American legless lizard,Bolero jacket,Bush tomato,Drill bit,Indonesian food,,,,,,,,,,,Suman,Treeing walker coonhound,,Ford del rey,,,
Vintage Library,Mixer,Ten-pin bowling,Wash bottle,Jollyboat,Mandrill,Irish coffee,,,,,,,,,,,Woodsman,Grass jelly,,Ford verona,,,
Magical Library,Cupboard,Beagle,Backpacking,M35 2½-ton cargo truck,Monkey wrench,Grape seed oil,,,,,,,,,,,Personal lubricant,Arrowgrass,,Pontiac tempest,,,
Boathouse Dock,Digital clock,Bald eagle,Japanese mugwort,Audi rs 2 avant,Diving equipment,Mooncake,,,,,,,,,,,Aston martin le mans,Guelder rose,,Acura cl,,,
Castle Courtyard,Sculpture,Chinese crested dog,Cupcake,Amilcar c4,Construction equipment,Prickly pear,,,,,,,,,,,German passport,Coconut water,,Ford gt40,,,
Deserted Beach Hut,Picture frame,Fly fishing,Teacup,Amilcar cc,Set tool,Orange soft drink,,,,,,,,,,,Northrop grumman e-8 joint stars,Gymea lily,,Citroën axel,,,
Art Deco Hotel Lobby,Loveseat,Eastern Grey Kangaroo,Dresser,Amilcar cgss,Offshore drilling,Dragonfruit,,,,,,,,,,,Hillman minx,Willow Oak,,Citroën dyane,,,
Snow-Covered Cabin,Coffee table,Red kangaroo,Cream of mushroom soup,Caribbean,Electronic musical instrument,Lebanese wine,,,,,,,,,,,Six-man football,Yellow Canada lily,,Boeing p-8 poseidon,,,
Jungle Temple Ruins,Measuring cup,Fish Crow,Lacrosse helmet,Ascari a10,Oil-filter wrench,Pu-erh tea,,,,,,,,,,,Kamancheh,Vinegar tree,,Ford torino talladega,,,
Cabin by the Lake,Coffeemaker,Oystercatcher,Hi-hat,Sauce boat,Jazz guitarist,Apple beer,,,,,,,,,,,Player,Treehopper,,Citroën xsara,,,
Old Clock Tower,Paper cutter,Bearing,Tieguanyin,Depot ship,Drill instructor,Polish food,,,,,,,,,,,Green salamander,Grand plantain,,Ford xy falcon gt,,,
Abandoned Library,Wok,Emperor penguin,Overcoat,Cruise missile submarine,Electric guitar,Enormous omelet sandwich,,,,,,,,,,,Northern two-lined salamander,Lady Banks' rose,,Ford classic,,,
Greenhouse Interior,Pizza cutter,Bird of paradise,Kingcup,Crescentia cujete,Espadrille,Original chicken sandwich,,,,,,,,,,,Spring Salamander,Pacific Treefrog,,Ford pampa,,,
Rustic Farmhouse,Platter,Swordfish,Medical glove,Suzuki carry,Golf equipment,Burger King grilled chicken sandwiches,,,,,,,,,,,Appalachian Salamander,English lavender,,Ford fiesta rs turbo,,,
Cliffside House,Toilet paper,Old World flycatcher,Polo shirt,Carolina Anole,Dead blow hammer,Cookie jar,,,,,,,,,,,Mud Salamander,Drumstick tree,,Citroën rosalie,,,
Treehouse Village,Wine glass,Publication,Muggin,Carbonara,Fortepiano,White tea,,,,,,,,,,,Red salamander,Cutleaf evening primrose,,Ford escape,,,
Skywalk Between Towers,Book,Western Mosquitofish,Coffee cup sleeve,Ore-bulk-oil carrier,Banjo guitar,Potato cake,,,,,,,,,,,Martial artist,Siberian fawn lily,,Ford zephyr,,,
,Candle,Black-footed ferret,Ravanahatha,Military helicopter,Fertility monitor,Ginger wine,,,,,,,,,,,Proton persona,Cooking plantain,,Boeing f/a-18e/f super hornet,,,
,Hand dryer,Pommel horse,Perfumer,Bicycle pump,Hydraulic torque wrench,Condensed milk,,,,,,,,,,,Hillman avenger,Biscuit rose de reims,,Citroën ami,,,
,Soap dispenser,Beluga whale,Beer bottle,Studebaker m series truck,Guitarist,Beer cocktail,,,,,,,,,,,Audi le mans quattro,Bebb's willow,,Ford escort rs cosworth,,,
,Furniture,Humpback whale,Daihatsu naked,Studebaker e series truck,Laboratory equipment,Graham bread,,,,,,,,,,,Manjira,Rosy maple moth,,Ford futura,,,
,Spoon,Milkfish,Whipped cream,Ford cargo,Toyota sprinter,Cocktail garnish,,,,,,,,,,,Tennis player,Rosenwald school,,Ford ranch wagon,,,
,Fork,Tiger shark,Sockeye salmon,Wheelchair tennis,Bass violin,Iba official cocktail,,,,,,,,,,,Harvestman,Woods' rose,,Ford granada,,,
,Lamp,Lobe-finned fish,Ice Cream Sodas,Mascara,Document camera,Steam frigate,,,,,,,,,,,Female person,Cluster fig tree,,Ford e-series,,,
,Drawer,Requiem shark,Daihatsu charade,Flxible new look bus,Pipe wrench,Breakfast sandwich,,,,,,,,,,,B-boy,Eggplant,,Ford freestyle,,,
,Stool,Dog food,Daihatsu rocky,Obedience training,Drilling,Milk punch,,,,,,,,,,,Human foot,Sweet grass,,Tatarian aster,,,
,Envelope,Rufous Hummingbird,Daihatsu mira,Macaroni and cheese,Hammered dulcimer,Wine cocktail,,,,,,,,,,,Mitsubishi diamante,Gray Treefrog,,Ford f-series,,,
,Microwave oven,Paddlefishes,Daihatsu copen,M113 armored personnel carrier,Jackhammer,Maojian tea,,,,,,,,,,,Pastry chef,Black willow,,Ford ltd,,,
,Shelf,Kangaroo rat,Daihatsu fellow max,Formula one car,Sledgehammer,Classic cocktail,,,,,,,,,,,Ozymandias,Pine Barrens Treefrog,,First generation ford mustang,,,
,Spice rack,Goat-antelope,Daihatsu move,Potty training,Hammerhead,Snack cake,,,,,,,,,,,Human leg,Squirrel tree frog,,Second generation ford mustang,,,
,Wall clock,Cow-goat family,Daihatsu boon,Troopship,Indian musical instruments,Drinking game,,,,,,,,,,,Toy manchester terrier,Stargazer lily,,Boeing x-48,,,
,Serving tray,Corn Snake,Daihatsu terios,Littoral-combat ship,Earplug,Spear thistle,,,,,,,,,,,Northrop grumman e-10 mc2a,Tree stump,,Pontiac aztek,,,
,Kitchen & dining room table,Milksnake,Daihatsu yrv,Garbage truck,Toolroom,Apple juice,,,,,,,,,,,Human ear,Bigtree,,Pontiac trans sport,,,
,Dog bed,Kingsnake,Daihatsu compagno,Carolina wren,Mercedes-benz sprinter,Shortbread,,,,,,,,,,,Mantidae,Little Grass Frog,,Ford cougar,,,
,Cake stand,Bulldog,Creamer potato,Submarine tender,Acoustic guitar,Rose's lime juice,,,,,,,,,,,Hitman,Plantago,,Acura legend,,,
,Cat furniture,Fisherman,Daihatsu charmant,Carolina Chickadee,Stoolball,Birthday cake,,,,,,,,,,,Cable management,Microseris lanceolata,,Ford expedition,,,
,Facial tissue holder,Blue whale,Ice cream maker,Porsche carrera gt,Point-and-shoot camera,Teasel,,,,,,,,,,,Protractor,Terrestrial plant,,Ford excursion,,,
,Pressure cooker,Mexican hairless dog,Frock coat,Rigid-hulled inflatable boat,Kvm switch,Camembert Cheese,,,,,,,,,,,Greco-roman wrestling,Grass family,,Ford aerostar,,,
,Pen,Barn owl,Bottlebush,De havilland canada dhc-4 caribou,Ball-peen hammer,King cake,,,,,,,,,,,Hillman super minx,Garden roses,,Ford courier,,,
,Teddy bear,Tiger beetle,Helmet camera,Debit card,Toyota corolla levin and toyota sprinter trueno,Soy milk,,,,,,,,,,,Desmans,Fawn lily,,Ford ecosport,,,
,Dishwasher,Monarch butterfly,Hairdresser,Inflatable boat,Drilling rig,Buckfast tonic wine,,,,,,,,,,,Mantis,New Mexico maple,,Ford ranger,,,
,Sewing machine,Bluebird,Cupido,Helicopter pilot,Scientific instrument,Milkweed,,,,,,,,,,,Camgirl,Toad lily,,Boeing x-37,,,
,Street items,Snowy owl,Socket wrench,Spicebush Swallowtail,Power hammer,Mashed potato,,,,,,,,,,,Chevrolet yeoman,Jack rose,,Ford thames 300e,,,
,Buiding part,Cartilaginous fish,Shaving cream,Cardigan welsh corgi,Heart rate monitor,Turkish coffee,,,,,,,,,,,Batgirl,Canna lily,,Ford taurus sho,,,
,Vacuum,Wild cat,Ganesh chaturthi,À la carte food,Footstool,Teaching hospital,,,,,,,,,,,Manduca sexta,Vascular plant,,Pontiac montana,,,
,Parka,Chinese paddlefish,Coconut cream,Wheelchair rugby,Baby monitor,Anchor steam,,,,,,,,,,,Coachman,Rose water,,Pontiac 1000,,,
,Long island iced tea,Sled dog,Peanut butter cup,Car alarm,Veneer hammer,Sweetheart cake,,,,,,,,,,,Cowboy action shooting,Water lily,,Ford tempo,,,
,Braided river,Seppala siberian sleddog,Manhattan,Patrol boat,Keyboard,Wolf's milk,,,,,,,,,,,International workers' day,Maidenhair tree,,Ford 999,,,
,River delta,Alapaha blue blood bulldog,Pastiera,Citroën traction avant,Keyboard bass,Soda bread,,,,,,,,,,,Mantou,Plane-tree family,,Citroën c6,,,
,Seamount,Sled dog racing,Moschatel family,Aston martin vanquish,Surgical instrument,Beer tap,,,,,,,,,,,Cowboy boot,Prairie rose,,Ford territory,,,
,Single malt scotch whisky,Rusty-spotted cat,Banana cream pie,Lincoln town car,Measuring instrument,Processed cheese,,,,,,,,,,,Pontiac lemans,Annual plant,,Ford model n,,,
,Nissan skyline gt-r,Bull shark,Neapolitan ice cream,Place of worship,Stereo camera,Quark cheese,,,,,,,,,,,Human hair,Tiger lily,,Ford model tt,,,
,Norwegian forest cat,Whale shark,Stottie cake,Experimental aircraft,Down-the-hole drill,Cuban food,,,,,,,,,,,Singer sm1500,Succulent plant,,Ford pilot,,,
,Sea anemone,Shiloh shepherd dog,Chhath,Vanilla extract,Traditional chinese musical instruments,Latin american food,,,,,,,,,,,Human torpedo,Pitcher plant,,Ford squire,,,
,Swamp maple,Gentoo penguin,Vanilla ice cream,Royal aircraft factory b.e.2,Trip hammer,European food,,,,,,,,,,,Ottoman,Fire lily,,Ford 7y,,,
,Corn flakes,Catalytic converter,Gunpowder tea,Carpenter pencil,Ice hockey equipment,Food poisoning,,,,,,,,,,,Tasmannia,Potted Plant,,Ford model f,,,
,Mountain biking,Educational software,Bluejacket,Bacardi cocktail,Claw hammer,Wedding soup,,,,,,,,,,,Mazda persona,Giant Tree Hollow,,Citroën c-sportlounge,,,
,Douglas c-47 skytrain,Brush-footed butterfly,Cream pie,Blue picardy spaniel,Volcanic plug,Cheesecake,,,,,,,,,,,Flaming doctor pepper,Grassy Cliff Edge,,Boeing 737 next generation,,,
,Paisley,Polecat,Cocktail dress,Escort carrier,Hammer drill,Plateau,,,,,,,,,,,Suit actor,Lavender Field at Sunset,,Pontiac phoenix,,,
,Sky,Consolidated pby catalina,Trucker hat,Bus garage,Water organ,Ethiopian food,,,,,,,,,,,Mishloach manot,,,Ford fg falcon,,,
,Canyoning,Domesticated turkey,Pasties,Hardcourt bike polo,Tap wrench,Apple cider,,,,,,,,,,,Mini clubman,,,Ford gt70,,,
,Street,Bottlenose dolphin,Creamed spinach,Caravanserai,Optical instrument,Dried fruit,,,,,,,,,,,Maniçoba,,,Pontiac g3,,,
,Temperate coniferous forest,Gefilte fish,Daihatsu consorte,Alloy wheel,Organism,Malted milk,,,,,,,,,,,Kauffman vodka,,,Pontiac torrent,,,
,Temperate broadleaf and mixed forest,Ford thunderbird,Egg cup,Royal aircraft factory f.e.8,Mirrorless interchangeable-lens camera,Grape seed extract,,,,,,,,,,,Humber pullman,,,Ford puma,,,
,Tropical and subtropical coniferous forests,Right whale,Dressmaker,Long-tail boat,Organ pipe,Pet food,,,,,,,,,,,Hillman 14,,,Ford sierra rs cosworth,,,
,Black seabass,Greater yellowlegs,French dressing,Bicycle basket,Pneumatic tool,Brown bread,,,,,,,,,,,Construction worker,,,Ford c-max,,,
,Seaduck,Lesser Yellowlegs,Dress shirt,Havana brown,Pneumatic torque wrench,Potato skins,,,,,,,,,,,Management,,,Ford e83w,,,
,Railroad car,Spearfishing,Hoopskirt,Picardy spaniel,Basin wrench,Sour cherry soup,,,,,,,,,,,Jeep comanche,,,American staffordshire terrier,,,
,Skatepark,Plymouth superbird,Party hat,Matra djet,Tool and cutter grinder,Superfruit,,,,,,,,,,,Gulaman,,,Citroën c1,,,
,Snowflake,White-beaked dolphin,Casual dress,Carimañola,Folk instrument,Purple milkweed,,,,,,,,,,,Guardians of the galaxy,,,Citroën c4,,,
,Beach volleyball,Sperm whale,Creamed corn,Factory ship,Colcannon,Pontefract cake,,,,,,,,,,,Manilkara kauki,,,Gt by citroën,,,
,City council,Camelid,Bobotie,Mojette beans,Switchel,Irish potato candy,,,,,,,,,,,Human head,,,Pontiac grand am,,,
,Sea salt,Cattle egret,Long-sleeved t-shirt,Speedboat,Cannonball tree,Paper wrapped cake,,,,,,,,,,,Romanian cuisine,,,Pontiac parisienne,,,
,Skyway,Candlepin bowling,Sleeveless shirt,Carolina rose,Toolbox,Sugarcane juice,,,,,,,,,,,Footman,,,Ford galaxy,,,
,Street performance,Gummy bear,Undershirt,Bicycle handlebar,Cone wrench,Potato wedges,,,,,,,,,,,Body man,,,Boeing xb-38 flying fortress,,,
,Lily of the valley,Pond turtle,Powder,Carpenter jeans,Strap wrench,Sugar-apple,,,,,,,,,,,Long-haired German Shepherd,,,Ford bronco ii,,,
,Parking,Dragon lizard,Curly coated retriever,Mother ship,Slide guitar,Custard-apple,,,,,,,,,,,Basset artésien normand,,,Ford bronco,,,
,Sea Cucumber,Wall lizard,White coat,Škoda felicia kit car,Switch,White sugar sponge cake,,,,,,,,,,,Honda domani,,,Acura slx,,,
,Islet,Professional certification,Renault fiftie,Escargot,Morgan aero 8,Leek soup,,,,,,,,,,,Fairchild c-82 packet,,,Oxford shoe,,,
,Single malt whisky,Ruby-throated hummingbird,Boston cream pie,Compact car,Single-lens reflex camera,Morteau sausage,,,,,,,,,,,Meyers manx,,,Pontiac ventura,,,
,Skysurfing,Arabian camel,Chocolatier,World Rally Car,Power wrench,Applejack,,,,,,,,,,,Studebaker commander,,,Ford synus,,,
,Coast,Flying lizard,Cup,Acar,Electric torque wrench,Rice milk,,,,,,,,,,,Mandolin,,,Citroën hypnos,,,
,Riverboarding,Flathead Catfish,Tie bar,Macaroon,Rotary tool,Toyota liteace,,,,,,,,,,,Manga,,,Citroën nemo,,,
,City,Scorpionfish,Cycling shorts,Boatswain,Baseball equipment,Violet pricklypear,,,,,,,,,,,Pageboy,,,Citroën acadiane,,,
,Broad bean,Albacore Fish,Glass bottle,Strained yogurt,Reed instrument,Chocolate sandwich,,,,,,,,,,,Allemande sauce,,,Citroën m35,,,
,Montenegrin mountain hound,Leopard lizard,Blue cheese dressing,Mitsubishi regional jet,Stonemason's hammer,Oxtail soup,,,,,,,,,,,Rash guard,,,Citroën c35,,,
,Bernese mountain dog,Collared lizard,Chocolate-coated peanut,Microvan,Lump hammer,Festival foods,,,,,,,,,,,Hamantash,,,Citroën elysée,,,
,Mackenzie river husky,Zebra-tailed lizard,Evening glove,Pinwheel,Game camera,Kendal mint cake,,,,,,,,,,,Archimandrite,,,Citroën tub,,,
,Seaplane,Greater earless lizard,Dal bhat,Bushy tailed woodrat,Metalworking hand tool,Turnip cake,,,,,,,,,,,Pool player,,,Citroën jumpy,,,
,"Datsun 1500, 1600, 2000 roadster",Earless lizard,Cricket helmet,Aircraft cruiser,Pill organizer,Wild crabapple,,,,,,,,,,,Hofmannophila pseudospretella,,,Citroën karin,,,
,Seaside resort,California rock lizard,Daihatsu hijet,Tour bus service,Woodwind instrument,Chocolate-covered coffee bean,,,,,,,,,,,Electrical contractor,,,Citroën c25,,,
,Aisle,Horned lizard,Jelly shoes,Stone carving,Paintball equipment,Water chestnut cake,,,,,,,,,,,Property manager,,,Citroën jumper,,,
,Sea kayak,Spiny lizard,Italian dressing,Penalty card,Violin family,Cake decorating,,,,,,,,,,,Eight-man football,,,Citroën faf,,,
,Plymouth road runner,Fringe-toed lizard,Soft Serve Ice Creams,Transylvanian hound,Morgan +4,Steamed meatball,,,,,,,,,,,Studebaker scotsman,,,Citroën méhari,,,
,Ocean sunfish,Side-blotched lizards,Buttercream,Conference Bike,Cutting tool,Lyonnaise potatoes,,,,,,,,,,,Manilkara,,,Ford everest,,,
,Ford parklane,Monitor lizard,Dress shoe,Rescue and salvage ship,Core drill,Raw milk,,,,,,,,,,,Jeepster commando,,,Ford ltd ii,,,
,Ocean liner,Box jellyfish,Ice cream bar,Mail carrier,Paper drilling,Taro cake,,,,,,,,,,,Manatee,,,Ford sierra xr8,,,
,Leatherback sea turtle,Walking stick insect,Bed skirt,Carom billiards,Power tool,Bread roll,,,,,,,,,,,Personal flotation device,,,Citroën gs camargue,,,
,Water park,Cuttlefish,Bermuda shorts,Tv tuner card,Network switch,Jamaican food,,,,,,,,,,,Rugby player,,,Citroën ds3,,,
,Artificial island,Fox Sparrow,Custard cream,Indycar series,Trampolining--Equipment and supplies,Eastern prickly pear,,,,,,,,,,,Massively multiplayer online role-playing game,,,Citroën ds inside,,,
,Forester,Glass lizard,Equestrian helmet,Fighter aircraft,Antique tool,Beef noodle soup,,,,,,,,,,,Swarmandal,,,Ford explorer sport trac,,,
,Bearded Seal,Western alligator lizard,Hatstand,School bus,Skateboarding Equipment,Asian pear,,,,,,,,,,,Lineman,,,Ford mustang mach 1,,,
,Jungle,Eastern Bluebird,Hachis parmentier,Ghost ship,Tennis Equipment,Food processing,,,,,,,,,,,Porsche cayman,,,Acura arx-02a,,,
,Sea ice,Alligator lizard,Creamed eggs on toast,Wheelchair racing,Football equipment,Pumpkin pie spice,,,,,,,,,,,Pachamanca,,,Acura zdx,,,
,Ocean whitefish,Common dolphins,Tied-arch bridge,Surveyor's wheel,Surfing Equipment,Fruit preserve,,,,,,,,,,,Mangifera,,,Ford xf falcon,,,
,Mountain Bluebird,Portable communications device,Bavarian cream,Toyota vanguard,Pig's organ soup,Soup number five,,,,,,,,,,,Portable media player,,,Ford xt falcon,,,
,Sea slug,Pilot whales,Non-dairy creamer,Sports training,Air hammer,Potato masher,,,,,,,,,,,German spitz,,,Ford falcon gt,,,
,Skyline,Black rhinoceros,Overcup oak,Javanese,Multi-tool,English muffin,,,,,,,,,,,Frazer nash le mans replica,,,Ford xe falcon,,,
,Street dance,Pontiac sunbird,Tall field buttercup,Dock landing ship,Glamorgan sausage,Hard dough bread,,,,,,,,,,,Grumman ov-1 mohawk,,,Ford ea falcon,,,
,Street furniture,Sei whale,Daihatsu applause,Hellenistic-era warships,Hammer throw,Sponge cake,,,,,,,,,,,Mansaf,,,Ford eb falcon,,,
,Seaplane tender,Jaguarundi,Phat khing,Jet bridge,Bar stool,Cookie cutter,,,,,,,,,,,Jeep commander,,,Ford model y,,,
,Baltic gray seal,Cuvier’s Beaked Whale,Dressage,Studebaker avanti,Gun drill,Caffeinated drink,,,,,,,,,,,Ironworker,,,Acura rdx,,,
,Mountain pass,Brown headed Cowbird,Powder-actuated tool,Pony car,Ski Equipment,Red wine,,,,,,,,,,,Showgirl,,,Ford custom,,,
,Canadian whisky,Yellow headed Blackbird,Phat si io,Sprint car racing,String instrument,White wine,,,,,,,,,,,Mantle,,,Pontiac safari,,,
,Buick skylark,Eastern Meadowlark,Leather jacket,Fast combat support ship,Garden tool,Winery,,,,,,,,,,,Mantecadas de astorga,,,Ford elite,,,
,State park,Western Meadowlark,Frostie root beer,Carolina jasmine,Traditional korean musical instruments,Fizzy apple cocktail,,,,,,,,,,,Artistic roller skating,,,Ford exp,,,
,Seat of local government,Pontiac firebird,Two-liter bottle,Carton,Digital camera,Angel’s Tear,,,,,,,,,,,Fireman,,,Ford comète,,,
,Dry lake,Rusty Blackbird,Ski helmet,Boat tailed Grackle,Personal protective equipment,Preserved food,,,,,,,,,,,Two-man saw,,,Ford thames 307e,,,
,Elephant seals,Brewer's Blackbird,Coatimundi,Artocarpus,Studio monitor,Teachers' day,,,,,,,,,,,Grumman american aa-1,,,Boeing 307 stratoliner,,,
,Crater lake,Northern mockingbird,Banana powder,Dame’s rocket,Keyboard player,Orange drink,,,,,,,,,,,Daewoo lemans,,,Morris oxford,,,
,Toilet seat,Gray Catbird,Daihatsu rugger,Mazda carol,Plucked string instruments,Labrador tea,,,,,,,,,,,Male person,,,Citroën activa,,,
,Sky lantern,Sloth bear,Welding helmet,Touring car,Drill presses,Fruit cake,,,,,,,,,,,Personal computer,,,Ford escort,,,
,Boeing vertol ch-46 sea knight,Patagonian toothfish,Wrap dress,Game boy advance,Cameras & optics,Milk toast,,,,,,,,,,,Management of hair loss,,,Ford fairlane,,,
,River lily,Blue gray Gnatcatcher,Chocolate ice cream,Supercarrier,Marking tools,French food,,,,,,,,,,,Lymantriidae,,,Ford ranger ev,,,
,Toyota coaster,Niggerfish,Dress suit,Meat carving,Paint tools,Thirteen desserts,,,,,,,,,,,Pecorino romano,,,Ford royale,,,
,Street organ,Eastern Kingbird,Sweatshirt,Pilot boat,Tool belts,Pearl Crescent,,,,,,,,,,,Ssangyong chairman,,,Bedford dormobile,,,
,Car seat,Western Kingbird,Wall socket,Busy Lizzie,Tool storage & organization,Russian food,,,,,,,,,,,Brook salamander,,,Pontiac star chief,,,
,Desert racing,White tailed prairie dog,Equestrian glove,Trainer,Military organization,Evaporated milk,,,,,,,,,,,Child art,,,Boeing p-12,,,
,Smooth Solomon's seal,Croatian sheepdog,Soccer goalie glove,Steering wheel,Experimental musical instrument,Breadstick,,,,,,,,,,,Mime artist,,,Ford fusion,,,
,Beach handball,Jaguar x-type,Tennis skirt,Landing ship medium,Film camera,Cucumber sandwich,,,,,,,,,,,Dobermann,,,Bell boeing v-22 osprey,,,
,Ski mountaineering,Jaguar xk,Ice cream scoop,Cargo ship,Hockey protective equipment,Indian filter coffee,,,,,,,,,,,Mandu,,,Citroën c-crosser,,,
,Swamp Sparrow,Fowl,Bicycle glove,Carciofi alla giudia,Outdoor play equipment,Ginger beer,,,,,,,,,,,East indiaman,,,Pontiac pathfinder,,,
,Sea cave,Ferns and horsetails,Football glove,Motorcycle fairing,Welding tool,Almond milk,,,,,,,,,,,Naked man orchid,,,Ford edge,,,
,Mountain guide,Livestock guardian dog,Weightlifting glove,Amphibious assault ship,Masonry tool,Saimin food,,,,,,,,,,,Comics artist,,,Pontiac banshee,,,
,Disease,Least Flycatcher,Golf glove,Monster truck,Drill press,Food additive,,,,,,,,,,,Germanders,,,Northrop a-17,,,
,Desert,Horse's neck,Baking cup,Card scraper,Camera accessory,Funnel cake,,,,,,,,,,,Spider-man,,,Ford ltd crown victoria,,,
,Formosan mountain dog,Rough-toothed dolphin,Bottle stopper & saver,Fireboat,Laptop power adapter,Burgundy wine,,,,,,,,,,,Mandevilla,,,Citroën type a,,,
,Raised beach,Caterham 7,Toothbrush replacement head,Tea strainer,Laptop battery,Gingerbread,,,,,,,,,,,Cowboy mounted shooting,,,Acura csx,,,
,Douglas a-4 skyhawk,Ground beetle,Toothbrush holder,Motorcycle racing,Camera battery,Coconut milk,,,,,,,,,,,Superman,,,Boeing 747-8,,,
,Hooded seal,Velvet belly lanternshark,Address sign,Carajillo,Pneumatic drill,Colby cheese,,,,,,,,,,,Manchester terrier,,,Citroën belphégor,,,
,Rocky mountain oysters,Foxtail lily,Dance skirt,Silverbush,Video camera battery,Rice wine,,,,,,,,,,,Strongman,,,Citroën c-airplay,,,
,Douglas a-3 skywarrior,Renascence bulldogge,Active shirt,Lifeboat,Handheld power drill,German food,,,,,,,,,,,Handball player,,,Citroën u23,,,
,Sea kale,Bowler hat,Martial arts shorts,Wheelchair basketball,Laptop bag,Greek food,,,,,,,,,,,Salamander,,,Boeing ch-47 chinook,,,
,Douglas c-54 skymaster,Leaf beetle,Formal gloves,Military transport aircraft,Laptop docking station,Baked potato,,,,,,,,,,,Strongwoman,,,Pontiac chieftain,,,
,Coastal and oceanic landforms,Kunming wolfdog,Active shorts,Racing bicycle,Guitar string,Cheesemaking,,,,,,,,,,,Opel manta,,,Pontiac executive,,,
,River Birch,Pungsan dog,Safety glove,Cyclo-cross bicycle,Toy instrument,Tea plant,,,,,,,,,,,Tasmanian wolf,,,Pontiac grand ville,,,
,Seat ibiza,False killer whale,Dance dress,Plymouth caravelle,Musical keyboard stand,Fast food restaurant,,,,,,,,,,,Khao manee,,,Ford model aa,,,
,Swamp Chestnut Oak,Great Crested Flycatcher,Tool socket,Reefer ship,Stage equipment,Pepper steak,,,,,,,,,,,Human action,,,Pontiac g5,,,
,Thousand island dressing,Elephant beetle,Christmas tree skirt,Gmc savana,Outdoor power equipment,Monkey bread,,,,,,,,,,,Guard rail,,,Citroën fukang,,,
,Sikorsky ch-37 mojave,Lionfish,Slide sandal,Wheelwright,Laptop replacement screen,Ezogelin soup,,,,,,,,,,,Tasmanian devil,,,Citroën c-triomphe,,,
,Frosted flakes,Polish hunting dog,Costume hat,Carrack,Laptop replacement keyboard,Juicebox,,,,,,,,,,,Tattoo artist,,,Ford tourneo,,,
,Douglas f4d skyray,Whirligig Beetle,Day dress,Volkswagen 1-litre car,Power tool combo set,Wild sweet potato,,,,,,,,,,,Kaman hh-43 huskie,,,Ford reflex,,,
,Oxbow lake,Fishbone cactus,Gardening shoes,Boating,Biometric monitor,Flourless chocolate cake,,,,,,,,,,,Tractor pulling,,,Ford s-max,,,
,Seat león,Sugar bowl,Bridal party dress,Heavy lift ship,Step stool,Oatmeal cookie,,,,,,,,,,,Slender salamander,,,Ford shelby cobra concept,,,
,Seat alhambra,Jaguar xf,Soy ice cream,Livestock carrier,Blood pressure monitor,Pineapple lumps,,,,,,,,,,,Mangalore bajji,,,Ford forty-nine,,,
,Park ranger,Native american indian dog,Overskirt,Royal mail ship,Cd/dvd organizer,Food dehydrator,,,,,,,,,,,Manic gt,,,Pontiac grand safari,,,
,Valdivian temperate rain forest,Caterham 7 csr,Thatching,Chevrolet advance design,Desk organizer,Candied fruit,,,,,,,,,,,Screw extractor,,,Pontiac custom s,,,
,Parking lot,Spanish water dog,Acupuncture,"Landing ship, tank",Printer consumable,Quince dessert,,,,,,,,,,,Manti,,,Ford country sedan,,,
,Entlebucher mountain dog,Basque shepherd dog,Strapless dress,Double-decker bus,Printer tray,White bread,,,,,,,,,,,Long toed Salamander,,,Ford crown victoria police interceptor,,,
,Magellanic subpolar forests,Eastern coral snake,Cosmetics Brush,Electric car,Printer maintenance kit,Steak tartare,,,,,,,,,,,Boykin spaniel,,,Ford f-650,,,
,Roadster,Moscow water dog,Cosmetics Mirror,Hybrid bicycle,Camera cleaner,Coffee milk,,,,,,,,,,,Fairchild c-26 metroliner,,,Ford starliner,,,
,Street artist,Eagle summit,Gloves,Anthocharis cardamines,Camera remote control,Gelatin dessert,,,,,,,,,,,Handyman,,,Ford f-250 super chief,,,
,Electricity,Horsehair crab,Leather Shoes,E-boat,Camera strap,Cambodian food,,,,,,,,,,,Massaman curry,,,Ford escort rs 1700t,,,
,West Coast Lady,Ackee and saltfish,Other Shoes,Cercocarpus,Shoe organizer,Tomato juice,,,,,,,,,,,Nurse midwife,,,Pontiac 2+2,,,
,City chicken,Catwoman,Sandals,Bicycle fork,Printer ribbon,Churrasco food,,,,,,,,,,,Northrop grumman rq-4 global hawk,,,Ford th!nk,,,
,Sea snake,Telecommunications engineering,Skating shoes,Cardboard,Decoy surveillance camera,Swiss food,,,,,,,,,,,Northrop grumman mq-8 fire scout,,,Boeing b-29 superfortress,,,
,Sea arrowgrass,Angora rabbit,,"Landing ship, infantry",Violinist,Cheese fries,,,,,,,,,,,Blancmange,,,Ford c-series,,,
,Honda crossroad,Chilean fox terrier,,Airport bus,Bowed string instrument,Sugar cake,,,,,,,,,,,People,,,Ford vedette,,,
,Street stunts,Pinesnake,,Greeting card,Organization,Steak and kidney pie,,,,,,,,,,,Mandazi,,,Ford model a,,,
,Coastal cutthroat trout,Jaguar mark v,,Bush clovers,Electric Drill,Teal,,,,,,,,,,,Singer,,,Ford model b,,,
,Sea breeze,Kit fox,,Concrete ship,,Assam tea,,,,,,,,,,,Manufacturing,,,Ford model 48,,,
,Red seabream,Dogo cubano,,Pocari sweat,,Baby food,,,,,,,,,,,Roman villa,,,1937 ford,,,
,Beach tennis,Dogo sardesco,,Command ship,,Eastern european food,,,,,,,,,,,Makeup artist,,,Ford quadricycle,,,
,Street gutter,Kerry beagle,,Casa c-212 aviocar,,Wine raspberry,,,,,,,,,,,Artillery tractor,,,1952 ford,,,
,Swamp football,Soldier beetle,,Subcompact car,,Middle eastern food,,,,,,,,,,,German pinscher,,,1941 ford,,,
,Sea otter,Bactrian camel,,Mid-size car,,Fairy bread,,,,,,,,,,,Color guard,,,1949 ford,,,
,Arkhangelsky ar-2,Catcher,,Full-size car,,Soul cake,,,,,,,,,,,Child model,,,1955 ford,,,
,Sikorsky s-61r,Right whale dolphins,,Rocket-powered aircraft,,Food steamer,,,,,,,,,,,Maniola,,,1957 ford,,,
,Sex on the beach,Common snapping turtle,,Police van,,Irish food,,,,,,,,,,,Felty germander,,,1960 ford,,,
,Sikorsky h-19,Rove Beetle,,Armored car,,Portuguese food,,,,,,,,,,,Manjar blanco,,,Citroën c-métisse,,,
,Sikorsky s-61,Saarloos wolfdog,,Royal aircraft factory r.e.8,,Aristea,,,,,,,,,,,Mango pudding,,,Citroën bijou,,,
,Seaside plantain,Dog agility,,Ice boat,,Animal source foods,,,,,,,,,,,Chef's uniform,,,Ford p68,,,
,Mountain gorilla,Goat cheese,,Everyday carry,,Blue cheese,,,,,,,,,,,Mandelbrodt,,,Citroën,,,
,Seat marbella,Australian cattle dog,,Havanese,,Cookies and crackers,,,,,,,,,,,Dutchman's breeches,,,Ford f-350,,,
,Earless seal,Black tailed jackrabbit,,Baby carriage,,Winemaker,,,,,,,,,,,Kintamani,,,Boeing 707,,,
,Seafood birdsnest,Butterflyfish,,Brabus rocket,,Iced tea,,,,,,,,,,,Suzuki mighty boy,,,Boeing 777,,,
,Ms island escape,Mustang horse,,Bass boat,,Food court,,,,,,,,,,,Man-made Object,,,Boeing 727,,,
,Panoz lmp-1 roadster-s,Portuguese water dog,,Pre-dreadnought battleship,,Boeing-stearman model 75,,,,,,,,,,,Charwoman,,,Ford mustang,,,
,Northern Dusky Salamander,Corn dog,,First generation nissan z-car,,Ice beer,,,,,,,,,,,Marbled Salamander,,,,,,
,Organ Mountains Chipmunk,Oyster toadfish,,Carnaroli,,Vietnamese lotus tea,,,,,,,,,,,Manzana verde,,,,,,
,Mountain Cottontail,Parrotfish,,Jet engine,,Team sport,,,,,,,,,,,German spitz klein,,,,,,
,Mountain goat,Dog sled,,Mazda savanna,,Havarti Cheese,,,,,,,,,,,Lineman's pliers,,,,,,
,Sparkler,Spinner dolphin,,Jetsprint,,Cheerwine,,,,,,,,,,,Doctor doom,,,,,,
,Seat 1500,Rattlesnake,,Phoebus Parnassian,,Golden monkey tea,,,,,,,,,,,Manjū,,,,,,
,Seat tribu,Net-winged insects,,Paddlewheel,,May wine,,,,,,,,,,,Mandi,,,,,,
,Forest,Howler monkey,,Caravan,,Bread and butter pudding,,,,,,,,,,,Drayman,,,,,,
,Swamp Rabbit,Striped dolphin,,Minibus,,Red velvet cake,,,,,,,,,,,Personal rapid transit,,,,,,
,Toboggan,Pigmy sperm whale,,Vauxhall carlton,,Nilgiri tea,,,,,,,,,,,Manta ray,,,,,,
,Road racing,Slender Glass Lizard,,Passenger car,,Bread machine,,,,,,,,,,,Human,,,,,,
,Sealyham terrier,Snake's head,,Convoy rescue ship,,Frozen dessert,,,,,,,,,,,Human body louse,,,,,,
,Lakeland terrier,Fox terrier,,Weather ship,,Salisbury steak,,,,,,,,,,,German rex,,,,,,
,Fur seal,Flying fish,,Techart 997 carrera,,Java coffee,,,,,,,,,,,German longhaired pointer,,,,,,
,Cityscape,Agent provocateur,,Oldsmobile jetstar 1,,Crabapple,,,,,,,,,,,Renault talisman,,,,,,
,Off-road vehicle,King penguin,,Toyota carina ed,,Steak frites,,,,,,,,,,,Amancae,,,,,,
,City car,Bird's nest soup,,Boat trailer,,Vegetable juice,,,,,,,,,,,Game boy,,,,,,
,Flake,Working dog,,Motorcycle boot,,Candy apple,,,,,,,,,,,Human face,,,,,,
,Greater swiss mountain dog,Hunting dog,,Full-rigged ship,,Korean food,,,,,,,,,,,Human arm,,,,,,
,Street sweeper,Cessna o-1 bird dog,,Wheelie,,Cranberry juice,,,,,,,,,,,Slimy Salamander,,,,,,
,Glacier,Educator,,Scarlet beebalm,,Lime juice,,,,,,,,,,,Chevrolet townsman,,,,,,
,Researcher,Mcdonnell douglas f-15e strike eagle,,Tow truck,,German chocolate cake,,,,,,,,,,,Hartmann neuron,,,,,,
,Mountainboarding,Jaguar e-type,,Kei truck,,Melt sandwich,,,,,,,,,,,Chasmanthe,,,,,,
,Northern hardwood forest,Swallowtail butterfly,,Wheelstand competition,,Giant protea,,,,,,,,,,,Artistic cycling,,,,,,
,Spruce-fir forest,Horse and buggy,,Steam car,,Nissan teana,,,,,,,,,,,Manakish,,,,,,
,Seat 132,Madagascar cat,,Chevrolet monte carlo,,Banana bread,,,,,,,,,,,Nurse,,,,,,
,Mountain garland,Jaguar s-type,,Willys jeep truck,,Bologna sandwich,,,,,,,,,,,Registered nurse,,,,,,
,Uscg seagoing buoy tender,Education,,Carpobrotus glaucescens,,Runza food,,,,,,,,,,,Nurse uniform,,,,,,
,Streetluge,Wolfdog,,Vanessa cardui,,Kiwifruit,,,,,,,,,,,Polish boy,,,,,,
,Chevrolet parkwood,Vacation,,Vanilla orchids,,Oatcake,,,,,,,,,,,Northrop grumman e-2 hawkeye,,,,,,
,Road cycling,Sumatran rhinoceros,,Ecojet concept car,,Sirloin steak,,,,,,,,,,,Human settlement,,,,,,
,Salt lake,Herding dog,,Motor torpedo boat,,Apple strudel,,,,,,,,,,,Music artist,,,,,,
,"Patrol boat, river",Disc dog,,Toyota carina ii,,Lemon juice,,,,,,,,,,,Mane,,,,,,
,Cesky terrier,Jaguar xk150,,Fma ia 58 pucará,,Mami soup,,,,,,,,,,,Farmer,,,,,,
,Hawksbill sea turtle,Longhorn beetle,,Longship,,Breadbox,,,,,,,,,,,Cowboy beans,,,,,,
,Mercury mountaineer,Camel spiders,,Strength training,,Superfood,,,,,,,,,,,Manta mirage,,,,,,
,Boisea trivittata,Big-game fishing,,Dodge ram van,,Clyde steamer,,,,,,,,,,,Qvale mangusta,,,,,,
,Buick skyhawk,Ostrich fern,,Opel movano,,Rize tea,,,,,,,,,,,Julia child rose,,,,,,
,Audi allroad,Western Fence Lizard,,Submarine chaser,,Sayama tea,,,,,,,,,,,Nikuman,,,,,,
,Rocky road,Grumman f6f hellcat,,Police car,,Tea party,,,,,,,,,,,Mango pickle,,,,,,
,Mercury villager,Gun dog,,Food truck,,Bread pan,,,,,,,,,,,Football player,,,,,,
,Murray river curly coated retriever,Police dog,,Surfboat,,Quince cheese,,,,,,,,,,,Mancha manteles,,,,,,
,Sikorsky s-76,Swift fox,,Bulk carrier,,Psarosoupa,,,,,,,,,,,Security guard,,,,,,
,Honda city,Pontiac catalina,,Airboat,,Star apple,,,,,,,,,,,Mandobass,,,,,,
,Seagram's seven crown,Korean jindo dog,,Training ship,,Bread crumbs,,,,,,,,,,,Boyoz,,,,,,
,Nissan skyline,Fisher,,Bacardi 151,,Comfort food,,,,,,,,,,,Exhaust manifold,,,,,,
,Seat bocanegra,Goosefish,,Elliptical trainer,,Pasta pomodoro,,,,,,,,,,,Soccer shin guard,,,,,,
,River monitor,Bearded collie,,Gurgel carajás,,Beer stein,,,,,,,,,,,Game boy console,,,,,,
,Street game,Aston martin bulldog,,Freight car,,Fruit salad,,,,,,,,,,,Mp3 player,,,,,,
,Island,Eagle talon,,Macaroni,,Romano cheese,,,,,,,,,,,Cassette player,,,,,,
,Street hockey,Waterfowl,,Carting,,Mediterranean food,,,,,,,,,,,Mp3 player case,,,,,,
,Sikorsky s-42,Academic certificate,,Stout scarab,,Steak pie,,,,,,,,,,,Automotive air manifold,,,,,,
,Sikorsky s-38,Southern right whale dolphin,,Radio-controlled aircraft,,Eccles cake,,,,,,,,,,,Record player,,,,,,
,Coastal motor boat,Short-finned pilot whale,,Crash cart,,Adirondack blue potato,,,,,,,,,,,Mandoline slicer,,,,,,
,Singer roadster,Bottlenose whales,,Citroën h van,,Candy pumpkin,,,,,,,,,,,Vehicle service manual,,,,,,
,Desert paintbrush,Grumman f8f bearcat,,Minivan,,Southwestern united states food,,,,,,,,,,,Iron man,,,,,,
,Street fashion,Hummingbird Clearwing,,Picnic boat,,Dandelion coffee,,,,,,,,,,,Personal computer hardware,,,,,,
,Off-roading,Beagle-harrier,,Elaeocarpaceae,,Drinkware,,,,,,,,,,,Absinthe mansinthe,,,,,,
,Seat 1400,Fishing vessel,,Carbonated soft drinks,,Apple mint,,,,,,,,,,,Khaman,,,,,,
,Labrador husky,Goatherd,,Memory card reader,,Mexican food,,,,,,,,,,,Darts player,,,,,,
,Grain whisky,Dog toy,,Pipe-laying ship,,Apple cider vinegar,,,,,,,,,,,Human nose,,,,,,
,Mazda az-offroad,Tajima cattle,,Scarlet gourd,,Wine gum,,,,,,,,,,,Boy scouts of america,,,,,,
,Seat altea,Karakachan dog,,Vanilla aphylla,,Hawaiian food,,,,,,,,,,,Human hand,,,,,,
,Seat 600,Butterfly orchid,,Nissan hardbody truck,,Peanut butter fruit,,,,,,,,,,,Volleyball player,,,,,,
,Rover cityrover,Sun bear,,Carne asada,,Longjing tea,,,,,,,,,,,German shepherd,,,,,,
,Old-growth forest,Whaleback,,Car wash,,Starfruit plant,,,,,,,,,,,Aerospace manufacturer,,,,,,
,Underground lake,Horse grooming,,Index card,,Rib eye steak,,,,,,,,,,,Shrimp and mango salad,,,,,,
,Sikorsky s-52,Wild horsemint,,Saltbush,,Welsh cake,,,,,,,,,,,Childbirth,,,,,,
,Street football,Northern inuit dog,,Lancia montecarlo,,Tripe soup,,,,,,,,,,,Child actor,,,,,,
,Off-road racing,Bird's-eye,,Open-wheel car,,Pearl,,,,,,,,,,,Artist,,,,,,
,Mazda roadpacer ap,Surf fishing,,F1 Powerboat Racing,,French onion soup,,,,,,,,,,,Lymantria dispar dispar,,,,,,
,Streetball,Tobaccofish,,Pickup truck racing,,Tres leches cake,,,,,,,,,,,Soccer player,,,,,,
,River gunboat,Snares penguin,,Train ferry,,European pear,,,,,,,,,,,Wonder Woman,,,,,,
,Solomon's seal,Red fox,,Checker aerobus,,Appletini,,,,,,,,,,,Musical Performance Sports,,,,,,
,Buick roadmaster,Giant dog breed,,Honda avancier,,Flat iron steak,,,,,,,,,,,Child,,,,,,
,Tvr 420 seac,Wood rabbit,,Carmine,,Sandwich toaster,,,,,,,,,,,Extractor,,,,,,
,Buick park avenue,Malayan cat,,Animal training,,Fingerling potato,,,,,,,,,,,Abandoned Factory,,,,,,
,Mountaineer,Horse trailer,,Toyota carina,,Grape leaves,,,,,,,,,,,Haunted Mansion,,,,,,
,Mountain laurel,Antifungal medication,,Athletic trainer,,Iced coffee,,,,,,,,,,,,,,,,,
,Sea lettuce,Old-man's beard,,Missile boat,,Cheese slicer,,,,,,,,,,,,,,,,,
,Hillman husky,Bucovina shepherd dog,,Powerboating,,Spring pancake,,,,,,,,,,,,,,,,,
,Seat toledo,Fish stick,,Kia carens,,Jam sandwich,,,,,,,,,,,,,,,,,
,Coopers brewery sparkling ale,Brush Rabbit,,Water boatmen,,Papaya juice,,,,,,,,,,,,,,,,,
,Roadrunner,Fish slice,,Mitsubishi carisma,,Guava juice,,,,,,,,,,,,,,,,,
,Sea lamprey,Cat-ketch,,Red carpet,,Red food coloring,,,,,,,,,,,,,,,,,
,Lake,Golden angelfish,,Submarine aircraft carrier,,Passion fruit juice,,,,,,,,,,,,,,,,,
,Sea bass,Educational toy,,Shipping container,,Champagne cocktail,,,,,,,,,,,,,,,,,
,Skyy vodka,Greater short-horned lizard,,Madagascar hissing cockroach,,Food storage containers,,,,,,,,,,,,,,,,,
,Seat cupra gt,Dog walking,,Bush lily,,Hemp milk,,,,,,,,,,,,,,,,,
,Street sign,Lower Keys Marsh Rabbit,,Motorcycle drag racing,,Belgian waffle,,,,,,,,,,,,,,,,,
,Saturn sky,Coral snake,,Telephone card,,Grain milk,,,,,,,,,,,,,,,,,
,Olive ridley sea turtle,Garter snake,,Savannah,,Grapefruit juice,,,,,,,,,,,,,,,,,
,Gmc canyon,Japanese Camellia,,Stealth ship,,Pasta with pancetta,,,,,,,,,,,,,,,,,
,Seat arosa,Common Map Turtle,,Sound card,,Grape hyacinth,,,,,,,,,,,,,,,,,
,Broadnose shark,Northern Alligator Lizard,,Carpenter ant,,Baked sweet potato,,,,,,,,,,,,,,,,,
,Seat exeo,Dog Breed Group,,Commuter cars tango,,African food,,,,,,,,,,,,,,,,,
,North american river otter,Dung beetle,,Carrot cake,,Twine,,,,,,,,,,,,,,,,,
,Desert horned lizard,Cabbage butterfly,,Performance car,,Oatmeal-raisin cookies,,,,,,,,,,,,,,,,,
,Mountain range,Bird feeder,,Cajeta,,Single-origin coffee,,,,,,,,,,,,,,,,,
,Coasteering,Common Garter Snake,,Solanum lycocarpum,,Cheese puffs,,,,,,,,,,,,,,,,,
,Street sports,Potcake dog,,Custom car,,Hong kong-style milk tea,,,,,,,,,,,,,,,,,
,Chevrolet lakewood,Chinese imperial dog,,Wife carrying,,Milk & cheese,,,,,,,,,,,,,,,,,
,Northern Seahorse,Horse harness,,Aston martin vantage,,Kuy teav,,,,,,,,,,,,,,,,,
,Mercury park lane,American bulldog,,Shorland armoured car,,Ham and cheese sandwich,,,,,,,,,,,,,,,,,
,Mountaineering,Jaguar xj,,Aston martin v8 vantage,,Black drink,,,,,,,,,,,,,,,,,
,Marine protector-class coastal patrol boat,Peruvian hairless dog,,Phoenix boat,,Soy milk maker,,,,,,,,,,,,,,,,,
,Island-class patrol boat,Scale insect,,Ship,,Oaxaca cheese,,,,,,,,,,,,,,,,,
,Desert tortoise,Cat litter,,Datsun truck,,Peruvian food,,,,,,,,,,,,,,,,,
,Desert iguana,Horse flies,,Squirt boating,,Rice cake,,,,,,,,,,,,,,,,,
,Lake freighter,Oily fish,,Carrot and red lentil soup,,Potato chip,,,,,,,,,,,,,,,,,
,Weedy seadragon,Mcdonnell douglas f-15 eagle,,Rhamnus caroliniana,,Potato bread,,,,,,,,,,,,,,,,,
,Swamp birch,Grumman f-14 tomcat,,Bmx bike,,Kona coffee,,,,,,,,,,,,,,,,,
,Seat córdoba,Volkswagen fox,,Training wheels,,Tamil food,,,,,,,,,,,,,,,,,
,Research vessel,Speckled wood (butterfly,,Loyd carrier,,Mexican Cheese,,,,,,,,,,,,,,,,,
,Christmas island red crab,Greenland dog,,Carterocephalus,,Pizza cheese,,,,,,,,,,,,,,,,,
,Black forest cake,Snakebite,,Carnyx,,Bacon sandwich,,,,,,,,,,,,,,,,,
,Truck driver,Nite owl,,Renault avantime,,Frappé coffee,,,,,,,,,,,,,,,,,
,Sealed crustless sandwich,Toy fox terrier,,Friendship day,,Potato bean,,,,,,,,,,,,,,,,,
,Mountain alder,Miniature fox terrier,,Stock car racing,,Filipino food,,,,,,,,,,,,,,,,,
,National park,Toy dog,,Lotus carlton,,Meat and potato pie,,,,,,,,,,,,,,,,,
,Ocean,Grizzly bear,,Caramel corn,,Frybread,,,,,,,,,,,,,,,,,
,Sikorsky s-67 blackhawk,French bulldog,,Radio-controlled helicopter,,Spearmint,,,,,,,,,,,,,,,,,
,Datsun roadster,Toy bulldog,,Artocarpus odoratissimus,,Swiss cheese,,,,,,,,,,,,,,,,,
,Skyr,Fishing lure,,Training bench,,Soft drink,,,,,,,,,,,,,,,,,
,Riparian forest,Water dog,,Cargo aircraft,,American cheese,,,,,,,,,,,,,,,,,
,Box-sealing tape,Bowl cut,,Trailer truck,,White coffee,,,,,,,,,,,,,,,,,
,Sikorsky s-92,Smooth fox terrier,,Six-wheel drive,,Ipoh white coffee,,,,,,,,,,,,,,,,,
,Sea beet,Wire hair fox terrier,,Hyundai trajet,,Chrysanthemum tea,,,,,,,,,,,,,,,,,
,Japanese sea bass,Fishing trawler,,Vanilla,,Dianhong tea,,,,,,,,,,,,,,,,,
,Mercedes-benz f-cell roadster,Horse trainer,,Feeder ship,,Processed food,,,,,,,,,,,,,,,,,
,Sikorsky h-34,Catalan sheepdog,,Hair care,,Mission burrito,,,,,,,,,,,,,,,,,
,Street racing,Bird bath,,Motor gun boat,,Chun mee tea,,,,,,,,,,,,,,,,,
,Power seat,Fisheye lens,,Tank ship,,Nepali tea,,,,,,,,,,,,,,,,,
,Chevrolet spark,Tom cat,,Renault caravelle,,Pearl-bordered fritillar,,,,,,,,,,,,,,,,,
,Road bicycle racing,Bird nest,,Chrysler turbine car,,Tung-ting tea,,,,,,,,,,,,,,,,,
,Submarine canyon,Doctorfish,,Cart noodle,,Pumpkin seed,,,,,,,,,,,,,,,,,
,Mercury colony park,Jaguar xkss,,Spy ship,,Steam engine,,,,,,,,,,,,,,,,,
,Downhill mountain biking,Sulimov dog,,Ship replica,,Steam,,,,,,,,,,,,,,,,,
,Sea eagle,Ornate box turtle,,Car dealership,,Sandwich wrap,,,,,,,,,,,,,,,,,
,Haw flakes,Welsh sheepdog,,Toyota avanza,,Ceylon tea,,,,,,,,,,,,,,,,,
,Street food,Snowshoe cat,,Torpedo boat,,Houkui tea,,,,,,,,,,,,,,,,,
,Colorado River Toad,Aegean cat,,Scarlet oak,,Shanghai food,,,,,,,,,,,,,,,,,
,Desert Palm,Tuna fish sandwich,,Drillship,,Verjuice,,,,,,,,,,,,,,,,,
,Street dog,Jaguar mark 1,,York boat,,Burmese food,,,,,,,,,,,,,,,,,
,Seal hunting,Pall-bearer,,Cartwheel,,Southern united states food,,,,,,,,,,,,,,,,,
,Beach soccer,Darkling beetles,,Cartellate,,Sweetbread,,,,,,,,,,,,,,,,,
,Seat salsa,Indian rhinoceros,,Keelboat,,Roasted barley tea,,,,,,,,,,,,,,,,,
,Seat bolero,Black cat,,Motorized wheelchair,,Ginseng chicken soup,,,,,,,,,,,,,,,,,
,Seat tango,Grey whale,,Multicar,,Instant mashed potatoes,,,,,,,,,,,,,,,,,
,Loggerhead sea turtle,Akbash dog,,Rocket raccoon,,Common milkweed,,,,,,,,,,,,,,,,,
,Edible seaweed,Ground rattlesnake,,Hyundai 8 to 25-ton truck,,Cookie dough,,,,,,,,,,,,,,,,,
,Estrela mountain dog,Dog crossbreeds,,Family car,,Spear,,,,,,,,,,,,,,,,,
,Blended malt whisky,Tilefish,,Datsun/nissan z-car,,Chocolate cake,,,,,,,,,,,,,,,,,
,Beverage coaster,Long-bearded axe,,Friendship sloop,,Vietnamese food,,,,,,,,,,,,,,,,,
,Old bay seasoning,Australian bulldog,,Bicycle trainer,,Vegetarian food,,,,,,,,,,,,,,,,,
,Seat fura,Tamaskan dog,,Carbon monoxide detector,,Wine tasting,,,,,,,,,,,,,,,,,
,Seat 850,Bird's eye chili,,Amphibious command ship,,Cocktail onion,,,,,,,,,,,,,,,,,
,Seat ronda,Himalayan sheepdog,,Kabusecha,,Pearl onion,,,,,,,,,,,,,,,,,
,Seat 128,Screech owl,,Cargo pants,,Vietnamese iced coffee,,,,,,,,,,,,,,,,,
,Seat 133,Horseshoe,,Mercedes-benz vaneo,,Potato scone,,,,,,,,,,,,,,,,,
,Seat 1200 sport,Hello Panda,,Slave ship,,Flatbread,,,,,,,,,,,,,,,,,
,Seat 1430,Eagle vision,,Audi avantissimo,,Strawberry juice,,,,,,,,,,,,,,,,,
,Lake Erie Water Snake,Eagle premier,,Bushfood,,Thai food,,,,,,,,,,,,,,,,,
,Glacial lake,Cattleya,,Auxiliary ship,,Pineapple festival,,,,,,,,,,,,,,,,,
,Baseball park,Shark fin soup,,Carpet sweeper,,Rum cake,,,,,,,,,,,,,,,,,
,River,Jaguar xjs,,Ascari kz1,,Plant milk,,,,,,,,,,,,,,,,,
,Research,Jewel beetles,,Ascari ecosse,,Russet burbank potato,,,,,,,,,,,,,,,,,
,Seasoned salt,Jaguar mark viii,,Vanessa,,Tex-mex food,,,,,,,,,,,,,,,,,
,Road,Jaguar mark vii,,Motor ship,,Grape juice,,,,,,,,,,,,,,,,,
,Sikorsky s-43,Membrane-winged insect,,Carlin pinscher,,St. paul sandwich,,,,,,,,,,,,,,,,,
,Sikorsky s-70,Grey fox,,Animated cartoon,,Milky way,,,,,,,,,,,,,,,,,
,Rover streetwise,Basking shark,,Carnitas,,Darjeeling tea,,,,,,,,,,,,,,,,,
,Bmw m roadster,Nissan bluebird,,Vanillekipferl,,Rye bread,,,,,,,,,,,,,,,,,
,Sea pea,Catahoula bulldog,,Rigid airship,,Turkish food,,,,,,,,,,,,,,,,,
,Ribbon Seal,Blue-backed fish,,Wheelchair football,,Soup beans,,,,,,,,,,,,,,,,,
,Desert red bat,Cadillac catera,,Bicycle motocross,,Pineapple bun,,,,,,,,,,,,,,,,,
,Seat málaga,Horse tack,,Helicopter rotor,,Cocktail bun,,,,,,,,,,,,,,,,,
,Sea cows,Recreational fishing,,Lng carrier,,Crab cake,,,,,,,,,,,,,,,,,
,Dirt road,Grass snake,,Carnival,,Eggfruits,,,,,,,,,,,,,,,,,
,Kemp's ridley sea turtle,Horse meat,,Trijet,,Hot and sour soup,,,,,,,,,,,,,,,,,
,Parkia speciosa,Jaguar mark x,,Twinjet,,Toma cheese,,,,,,,,,,,,,,,,,
,Green sea turtle,Falcate Orangetip,,Business,,Stack cake,,,,,,,,,,,,,,,,,
,Alpine sea holly,Predaceous diving beetles,,Bicycle mechanic,,Fruit butter,,,,,,,,,,,,,,,,,
,Studebaker sky hawk,Hide beetles,,Swan boat,,Egg drop soup,,,,,,,,,,,,,,,,,
,Small mountain ringlet,White rhinoceros,,Nissan caravan,,Noodle soup,,,,,,,,,,,,,,,,,
,Street unicycling,Bearskin,,Payment card,,Cock-a-leekie soup,,,,,,,,,,,,,,,,,
,Torque screwdriver,Jaguar c-type,,Bicycle trailer,,Frog cake,,,,,,,,,,,,,,,,,
,Siberian husky,Fish oil,,Oxcart,,Steak sauce,,,,,,,,,,,,,,,,,
,Scotch whisky,Companion dog,,Circuit training,,Food group,,,,,,,,,,,,,,,,,
,Season,Fish products,,Bushy aster,,Fruit snack,,,,,,,,,,,,,,,,,
,Road roller,Kodiak bear,,Radio-controlled boat,,Delmonico steak,,,,,,,,,,,,,,,,,
,Subaru forester,Rainbow Snake,,Championship,,Eggfruit,,,,,,,,,,,,,,,,,
,Kemençe of the black sea,Saber-toothed cat,,Aricia icaroides,,Prawn cocktail,,,,,,,,,,,,,,,,,
,Mountain cur,Spotted dolphin,,Drag boat racing,,Ragamuffin,,,,,,,,,,,,,,,,,
,Broadleaf arrowhead,Green pufferfish,,Electric bicycle,,Garlic bread,,,,,,,,,,,,,,,,,
,Sikorsky hh-52 seaguard,Pilotfish,,Wheelchair fencing,,Liqueur coffee,,,,,,,,,,,,,,,,,
,Bog snorkelling,Potter's wheel,,Propeller-driven aircraft,,Tea lady,,,,,,,,,,,,,,,,,
,Coney island hot dog,Kangal dog,,Boats and boating--Equipment and supplies,,Natural foods,,,,,,,,,,,,,,,,,
,Beach basketball,Pacific Gopher Snake,,Sailboat racing,,Tea egg,,,,,,,,,,,,,,,,,
,Jamaican blue mountain coffee,Jaguar 420,,Wheelchair sports,,Chicken fries,,,,,,,,,,,,,,,,,
,Beach plum,Relocation,,Bicycle racing,,Diet food,,,,,,,,,,,,,,,,,
,Turbografx-16,Sharptail Snake,,Bicycles--Equipment and supplies,,Chinese herb tea,,,,,,,,,,,,,,,,,
,Hunt seat,Hairfinned silverfish,,Business school,,Sausage bread,,,,,,,,,,,,,,,,,
,Street art,Slender blind snake,,Junior showmanship,,Easter bread,,,,,,,,,,,,,,,,,
,Mountain bike racing,Frill-necked lizard,,Bacardi superior,,Cheese bun,,,,,,,,,,,,,,,,,
,Lake sturgeon,Dogfish head 90 minute ipa,,Wheelchair curling,,Pumpkin bread,,,,,,,,,,,,,,,,,
,Stamp seal,Small greek domestic dog,,Wheelchair rugby league,,Muenster cheese,,,,,,,,,,,,,,,,,
,Sikorsky r-4,Alligator snapping turtle,,Morgan lifecar,,Chow mein sandwich,,,,,,,,,,,,,,,,,
,Sikorsky h-5,Common Kingsnake,,Packard caribbean,,Pomegranate juice,,,,,,,,,,,,,,,,,
,Valley,Feral goat,,Bush hammer,,Corn crab soup,,,,,,,,,,,,,,,,,
,Lamborghini islero,Guard dog,,Hudson jet,,Lasagnette,,,,,,,,,,,,,,,,,
,Broadcasting,Turtle ship,,Bicycle tire,,Clover club cocktail,,,,,,,,,,,,,,,,,
,Red sky at morning,Cat food,,Weight training,,Home fries,,,,,,,,,,,,,,,,,
,Chicken bog,Fishing net,,Mi rebus,,Cabbage soup diet,,,,,,,,,,,,,,,,,
,Whisky,Fiat ducato,,Berger picard,,Clam cake,,,,,,,,,,,,,,,,,
,Steller's sea eagle,Killer whale,,Chainsaw carving,,Cheese spread,,,,,,,,,,,,,,,,,
,Complete wheat bran flakes,Goats,,Pane carasau,,Pork steak,,,,,,,,,,,,,,,,,
,Research institute,Swellfish,,Bolboschoenus robustus,,Tea set,,,,,,,,,,,,,,,,,
,Coast horned lizard,Spectacled bear,,Kiteboating,,Tomato soup,,,,,,,,,,,,,,,,,
,Desert spiny lizard,Fishing bait,,Lavandula dentata,,Lolly cake,,,,,,,,,,,,,,,,,
,Railroad engineer,Anatolian shepherd dog,,Aquadvantage salmon,,Italian food,,,,,,,,,,,,,,,,,
,River juniper,Minke Whale,,Eurovans,,Finger food,,,,,,,,,,,,,,,,,
,Bavarian mountain hound,Smooth Greensnake,,Macaroni casserole,,Food craving,,,,,,,,,,,,,,,,,
,Miniature siberian husky,Western terrestrial garter snake,,Executive car,,Padang food,,,,,,,,,,,,,,,,,
,Tandem skydiving,Tjotter,,Pickup truck,,Egg sandwich,,,,,,,,,,,,,,,,,
,Coastal defence ship,Alvis firebird,,Caramel color,,Petit gâteau,,,,,,,,,,,,,,,,,
,Swamp hickory,Carpathian shepherd dog,,Carburetor,,Canarian wrinkly potatoes,,,,,,,,,,,,,,,,,
,Ocean rowing,Southern Dogface,,Credit card,,Marsh labrador tea,,,,,,,,,,,,,,,,,
,Sikorsky s-64 skycrane,Stutz bearcat,,Ammunition ship,,Fried food,,,,,,,,,,,,,,,,,
,Parkin,Volkswagen new beetle,,Cascara sagrada,,Fruit gushers,,,,,,,,,,,,,,,,,
,Mountain,Green sunfish,,Baby carrot,,Pickled foods,,,,,,,,,,,,,,,,,
,Seal,Common collared lizard,,Mitsubishi fuso aero bus,,Hybrid tea rose,,,,,,,,,,,,,,,,,
,Cab driver,Northern redbelly snake,,Hyundai super truck,,Beer glass,,,,,,,,,,,,,,,,,
,River island,Stockfish,,Inkjet printing,,Pasta e fagioli,,,,,,,,,,,,,,,,,
,Road bicycle,Cessna at-17 bobcat,,Irish car bomb,,Seedless fruit,,,,,,,,,,,,,,,,,
,Nut driver,Jaguar d-type,,Sevan trout,,Marsala wine,,,,,,,,,,,,,,,,,
,Chelsea boot,White english bulldog,,Volvo pv 36 carioca,,Madeira wine,,,,,,,,,,,,,,,,,
,Mountain bike,Third generation pontiac firebird,,Buttonbush,,Drinking establishment,,,,,,,,,,,,,,,,,
,Giant seabass,Short-beaked common dolphin,,Narrow-body aircraft,,Food grain,,,,,,,,,,,,,,,,,
,Audi roadjet,Shaving horse,,Caridean shrimp,,Pea soup,,,,,,,,,,,,,,,,,
,Bus driver,Sand tiger shark,,Touring car racing,,Chicken soup,,,,,,,,,,,,,,,,,
,Smart roadster,Texas horned lizard,,Sports car racing,,Apple sauce,,,,,,,,,,,,,,,,,
,Japanese whisky,Amc eagle,,Bikejoring,,Bread pudding,,,,,,,,,,,,,,,,,
,Swamp Rose mallow,Spotted Turtle,,Place card,,Steak au poivre,,,,,,,,,,,,,,,,,
,Sakhalin husky,Pocket beagle,,Platecarpus,,Whole wheat bread,,,,,,,,,,,,,,,,,
,Freestyle skydiving,Jaguar xj220,,Barren ground Caribou,,Grated cheese,,,,,,,,,,,,,,,,,
,Volvo city taxi,Punch bowl,,Naval ship,,Whole food,,,,,,,,,,,,,,,,,
,Edsel villager,Trunkfish,,Q-ship,,Spoonbread,,,,,,,,,,,,,,,,,
,Valley bulldog,Forage fish,,Acarajé,,Johnnycake,,,,,,,,,,,,,,,,,
,Beach ridge,Queen Triggerfish,,Peccary,,Tibetan food,,,,,,,,,,,,,,,,,
,Seaweed,Common horse chestnut,,Colobus,,Fortune cookie,,,,,,,,,,,,,,,,,
,Impact driver,Spurdog,,Rubus,,Lardy cake,,,,,,,,,,,,,,,,,
,Road trip,Karelian bear dog,,Grand prix motorcycle racing,,Gluten-free beer,,,,,,,,,,,,,,,,,
,Sheepshead seabream,Bowling shirt,,Military aircraft,,Vacuum coffee maker,,,,,,,,,,,,,,,,,
,Driver's license,Thai bangkaew dog,,Trolleybus,,Manchow soup,,,,,,,,,,,,,,,,,
,Dusky salamander,Jaguar xjr-15,,Truck racing,,Grapevine family,,,,,,,,,,,,,,,,,
,Highway,Piccata,,Postcard,,Beer bread,,,,,,,,,,,,,,,,,
,Rainforest,Fried fish,,Carpe diem,,Yukon gold potato,,,,,,,,,,,,,,,,,
,Black forest ham,Otterhound,,Coconut macaroon,,Grape soda,,,,,,,,,,,,,,,,,
,Mud bogging,Pariah dog,,Learjet 35,,Breadnut,,,,,,,,,,,,,,,,,
,Beach rugby,Canadian eskimo dog,,Galvanina,,Asian soups,,,,,,,,,,,,,,,,,
,Sealant,Hognose snake,,Hyundai mega truck,,Yellow cake mix,,,,,,,,,,,,,,,,,
,Seatrout,Buick wildcat,,Hyundai new power truck,,White cake mix,,,,,,,,,,,,,,,,,
,English whisky,Duckpin bowling,,Compact van,,Apple dumpling,,,,,,,,,,,,,,,,,
,Seasoning,Sailfish,,Jon boat,,Sweet potato,,,,,,,,,,,,,,,,,
,Glacier cave,Horseshoes,,Health care provider,,Cheese roll,,,,,,,,,,,,,,,,,
,Village,Dodger dog,,Caramel shortbread,,Mongolian food,,,,,,,,,,,,,,,,,
,Luke skywalker,Banter bulldogge,,Airship,,Orange juice,,,,,,,,,,,,,,,,,
,Tesla roadster,Silverfish,,Party bike,,Taco soup,,,,,,,,,,,,,,,,,
,Mountain unicycling,Common bottlenose dolphin,,Head restraint,,Wine cellar,,,,,,,,,,,,,,,,,
,Seafood boil,Ss jaguar 100,,Toyota motor triathlon race car,,Fruit syrup,,,,,,,,,,,,,,,,,
,Panoz roadster,Datsun bluebird 910,,Superbike racing,,Protea family,,,,,,,,,,,,,,,,,
,Ford fairlane 500 skyliner,Southeastern Crown Snake,,Bicycle saddle,,Gruyère cheese,,,,,,,,,,,,,,,,,
,Cesky fousek,Common Mud Turtle,,Bush bread,,Limburger cheese,,,,,,,,,,,,,,,,,
,Triumph roadster,Mississippi Map Turtle,,Caribbean Electric Ray,,Breadfruit,,,,,,,,,,,,,,,,,
,Sea captain,Bowling ball,,Oenothera macrocarpa,,Root beer,,,,,,,,,,,,,,,,,
,Sea aster,Reciprocating saw,,Carp,,Dutch baby pancake,,,,,,,,,,,,,,,,,
,Desert lime,Insect repellent,,Common carp,,Sorrel soup,,,,,,,,,,,,,,,,,
,Small northern bog orchid,Bony-fish,,Cardamom,,Sweet potato pie,,,,,,,,,,,,,,,,,
,California sea lion,Pinfish,,Kit car,,Dessert wine,,,,,,,,,,,,,,,,,
,Steller sea lion,Dog collar,,Renault taxi de la marne,,Team penning,,,,,,,,,,,,,,,,,
,Maya city,Fish pond,,Daytona sportscar,,Coffee substitute,,,,,,,,,,,,,,,,,
,Sea snail,Polish lowland sheepdog,,Sweet pepperbush,,Mcmuffin,,,,,,,,,,,,,,,,,
,Goose island bourbon county stout,Western lowland gorilla,,Giant carp,,Steamed rice,,,,,,,,,,,,,,,,,
,Ford fairlane crown victoria skyliner,Bronze hammerhead shark,,Caramel,,Armenian food,,,,,,,,,,,,,,,,,
,Ford crestline skyliner,Gopher snake,,Frozen carbonated beverage,,Black and white cookie,,,,,,,,,,,,,,,,,
,Deep sea fish,Fermented fish,,Bicycle locks,,Food spoilage,,,,,,,,,,,,,,,,,
,Flake salt,Plymouth prowler,,Bicycle front and rear rack,,Skim Milk,,,,,,,,,,,,,,,,,
,Skye terrier,Goat meat,,Vision care,,Lu'an melon seed tea,,,,,,,,,,,,,,,,,
,United states coast guard cutter,Florida Redbelly Turtle,,Water filter cartridge,,Château,,,,,,,,,,,,,,,,,
,Fireball cinnamon whisky,Dog scootering,,Truck bed part,,Steak,,,,,,,,,,,,,,,,,
,Broadleaf pond lily,Nissan gazelle,,Shipping supply,,Australian food,,,,,,,,,,,,,,,,,
,Car seat organizer,Blowfish,,Automotive bicycle rack,,Coffee ceremony,,,,,,,,,,,,,,,,,
,Car seat cover,Nacatamal,,Car subwoofer,,Tropical milkweed,,,,,,,,,,,,,,,,,
,Beach towel,Terminalia catappa,,Tire care,,Peanut butter cookie,,,,,,,,,,,,,,,,,
,Bicycle seatpost clamp,Fishfinder,,Car wash brush,,Bk chicken fries,,,,,,,,,,,,,,,,,
,Potty seat,Channel Catfish,,I/o card,,Alphabet pasta,,,,,,,,,,,,,,,,,
,Vacuum sealer,New guinea singing dog,,Contact lens care,,Pasta salad,,,,,,,,,,,,,,,,,
,Bicycle seatpost,Maremma sheepdog,,Automotive wheel system,,Heinz sandwich spread,,,,,,,,,,,,,,,,,
,Sea urchin,Eastern tent caterpillar,,Skateboard truck,,Bread soup,,,,,,,,,,,,,,,,,
,River cooter,Dorset olde tyme bulldogge,,Bicycle shoe cover,,Junk food,,,,,,,,,,,,,,,,,
,Arctic ocean,Chicago-style hot dog,,Automotive carrying rack,,Drip coffee maker,,,,,,,,,,,,,,,,,
,Canyon,Mekong giant catfish,,Bicycle jersey,,Coffee decanter,,,,,,,,,,,,,,,,,
,Swamp,Sunburst Turtle,,Bicycle shoe,,Steam table,,,,,,,,,,,,,,,,,
,Old man of the mountain,Hercules beetle,,Toy motorcycle,,Cake decorating supply,,,,,,,,,,,,,,,,,
,Chevy spark ev,English Bulldog,,Toy airplane,,Small animal food,,,,,,,,,,,,,,,,,
,Mountain village,Prairie dog,,Bicycle part,,Cake pan,,,,,,,,,,,,,,,,,
,Broadaxe,Porcupine fishes,,Boat hook,,Coffee grinder,,,,,,,,,,,,,,,,,
,Mountain river,Eleventh generation ford thunderbird,,Skateboard wheel,,Garment steamer,,,,,,,,,,,,,,,,,
,Rainy Cityscape,Tenth generation ford thunderbird,,Bicycle clothing,,Food warmer,,,,,,,,,,,,,,,,,
,Forest Waterfall,Goatfishes,,Bicycle cage,,Drink lid,,,,,,,,,,,,,,,,,
,Moonlit Desert,Brachionus plicatilis,,Kitchen cart,,Cake board,,,,,,,,,,,,,,,,,
,Foggy Swamp,Pottery,,Bicycle tube,,Drinking,,,,,,,,,,,,,,,,,
,Arctic Glacier,Trumpetfish,,Bicycle hub,,Bread flour,,,,,,,,,,,,,,,,,
,Canyon Vista,Catasetum saccatum,,Bicycle wheel rim,,Cake flour,,,,,,,,,,,,,,,,,
,Suburban Street,Bullsnake,,Bicycle stem,,Accessory fruit,,,,,,,,,,,,,,,,,
,Bamboo Forest,Shark liver oil,,Bicycle drivetrain part,,Well drink,,,,,,,,,,,,,,,,,
,Futuristic Highway,Sawhorse,,Lip care,,Green coffee,,,,,,,,,,,,,,,,,
,Stormy Ocean,Blister beetles,,Nail care,,Bavaria non-alcoholic beer,,,,,,,,,,,,,,,,,
,Hidden Mountain Village,Bugfish,,Baby carrier,,Chocolate chip cookie,,,,,,,,,,,,,,,,,
,Rural Dirt Road,Taxus baccata,,Skin care,,Starfruit,,,,,,,,,,,,,,,,,
,Floating Sky Island,Eagle rare,,Shoe care,,Breadboard,,,,,,,,,,,,,,,,,
,Deserted Gas Station,Domestic rabbit,,Automotive care,,Head cheese,,,,,,,,,,,,,,,,,
,Firefly-lit Forest,Bear claw,,Shipping box,,Drink mix,,,,,,,,,,,,,,,,,
,Cliffside Road,Jaguar mark ix,,Place card holder,,Food Paste,,,,,,,,,,,,,,,,,
,Digital Cityscape,Canaan dog,,Motorcycle suit,,Snow skin mooncake,,,,,,,,,,,,,,,,,
,Frozen Riverbank,Mock turtle soup,,Motorcycle protective clothing,,Fruit tree,,,,,,,,,,,,,,,,,
,City Skyline at Dusk,Dogo argentino,,Business bag,,Anteater,,,,,,,,,,,,,,,,,
,Foggy Village Square,Rex cat,,Bicycle cleat,,Maria luisa cake,,,,,,,,,,,,,,,,,
,Sunset Over Mountains,Boxfishes and trunkfish,,Mobile phone car mount,,Coffee Machine,,,,,,,,,,,,,,,,,
,River Through Jungle,Carolina dog,,Cross training shoe,,Cookies,,,,,,,,,,,,,,,,,
,Glistening Ice Lake,Thomson's gazelle,,Yoga mat carrier,,Kiwu fruit,,,,,,,,,,,,,,,,,
,Lantern-lit Street,Bait fish,,Sailing ship,,Tea pot,,,,,,,,,,,,,,,,,
,Sunset Over Ocean Cliffs,Rhinoceros beetle,,Sailboat,,Steampunk Laboratory,,,,,,,,,,,,,,,,,
,Pastel Painted Village,Fish ball,,Motorcycle racer,,,,,,,,,,,,,,,,,,,
,Thunderstorm Over City,Fox squirrel,,Turkish van,,,,,,,,,,,,,,,,,,,
,Desert Rock Formation,Domesticated hedgehog,,Lavandula lanata,,,,,,,,,,,,,,,,,,,
,Deserted Mining Camp,Sautéed reindeer,,Worship,,,,,,,,,,,,,,,,,,,
,Rocky Coastline,Eastern brown snake,,Scarabs,,,,,,,,,,,,,,,,,,,
,Lakeside Forest Clearing,American foxhound,,Carving,,,,,,,,,,,,,,,,,,,
,Alien Jungle,Billfish,,Aircraft,,,,,,,,,,,,,,,,,,,
,Desert Night Camp,English foxhound,,Carnation,,,,,,,,,,,,,,,,,,,
,Coastal Fishing Village,Ten lined June beetle,,Scar,,,,,,,,,,,,,,,,,,,
,Futuristic City Square,Flying snake,,Scart,,,,,,,,,,,,,,,,,,,
,Hidden Forest Lake,Fishing sinker,,Model aircraft,,,,,,,,,,,,,,,,,,,
,Jungle Bridge,Small pearl-bordered butterfly,,Carillon,,,,,,,,,,,,,,,,,,,
,Treetop Village,Super bowl,,Tandem bicycle,,,,,,,,,,,,,,,,,,,
,Village Marketplace,Fish fry,,Model car,,,,,,,,,,,,,,,,,,,
,Beachside Café,Kai t-50 golden eagle,,Radio-controlled car,,,,,,,,,,,,,,,,,,,
,Desert Town Bazaar,Humpback whitefish,,Bullet train,,,,,,,,,,,,,,,,,,,
,Peaceful Riverside Bench,Clotheshorse,,Ship of the line,,,,,,,,,,,,,,,,,,,
,Street Musician Corner,Coral reef fish,,Strainer,,,,,,,,,,,,,,,,,,,
,Sun-Dappled Forest Trail,Catwalk,,Business executive,,,,,,,,,,,,,,,,,,,
,Steep Mountain Trail,Bucatini,,Race car,,,,,,,,,,,,,,,,,,,
,Epic Canyon Landscape,Michigan hot dog,,Bushwacker,,,,,,,,,,,,,,,,,,,
,Cobblestone Street,Box turtle,,Train station,,,,,,,,,,,,,,,,,,,
,Mountain Top Monastery,Bandog,,Personal trainer,,,,,,,,,,,,,,,,,,,
,Enchanted Swamp,Dogue de bordeaux,,Video card,,,,,,,,,,,,,,,,,,,
,Rain-Soaked Street Corner,Snake gourd,,Carnivorous plant,,,,,,,,,,,,,,,,,,,
,Colorful Street Parade,Small to medium-sized cats,,Columbus day,,,,,,,,,,,,,,,,,,,
,Dune Sea,Clownfish,,Aircraft carrier,,,,,,,,,,,,,,,,,,,
,Post-Apocalyptic City,Pig's trotters,,Amphibious warfare ship,,,,,,,,,,,,,,,,,,,
,Rainforest Waterfall,British bulldogs,,Fire Truck,,,,,,,,,,,,,,,,,,,
,Undersea Lab,Old english bulldog,,Heavy Truck,,,,,,,,,,,,,,,,,,,
,Village at Mountain Base,Fishmonger,,Poker Card,,,,,,,,,,,,,,,,,,,
,Foggy Forest Trail,Cordoba fighting dog,,Carnival at Night,,,,,,,,,,,,,,,,,,,
,Japanese Street Festival,Glossy snake,,Train Station Platform,,,,,,,,,,,,,,,,,,,
,Forest Campfire Site,Western slender blind snake,,Carnival Parade,,,,,,,,,,,,,,,,,,,
,Cloud City Balcony,Romanian mioritic shepherd dog,,Airship Docking Station,,,,,,,,,,,,,,,,,,,
,Glacier Ice Caves,Giant otter,,Rainy Bus Stop,,,,,,,,,,,,,,,,,,,
,Forest with Bioluminescence,Hot dog bun,,Nighttime Carnival Rides,,,,,,,,,,,,,,,,,,,
,Mountain Cave Entrance,Pygmy Rabbit,,Submarine Interior,,,,,,,,,,,,,,,,,,,
,Peaceful Forest Glade,European green lizard,,Electric Train Crossing,,,,,,,,,,,,,,,,,,,
,Misty Lake Shore,Mojave Rattlesnake,,Antique Train Interior,,,,,,,,,,,,,,,,,,,
,Scenic Highway Overlook,Red horse beer,,Busy Market Alley,,,,,,,,,,,,,,,,,,,
,Monsoon-Flooded Street,Eagle medallion,,Train Tracks in Snow,,,,,,,,,,,,,,,,,,,
,Mountain Range Horizon,Whiptail lizard,,Haunted Carnival,,,,,,,,,,,,,,,,,,,
,Floating Icebergs in Sea,Earthdog trial,,,,,,,,,,,,,,,,,,,,,
,,Horseball,,,,,,,,,,,,,,,,,,,,,
,,Crevice spiny lizard,,,,,,,,,,,,,,,,,,,,,
,,Jaguar mark 2,,,,,,,,,,,,,,,,,,,,,
,,Dutch shepherd dog,,,,,,,,,,,,,,,,,,,,,
,,Spotted weakfish,,,,,,,,,,,,,,,,,,,,,
,,Fence Lizard,,,,,,,,,,,,,,,,,,,,,
,,Australian stumpy tail cattle dog,,,,,,,,,,,,,,,,,,,,,
,,King fish,,,,,,,,,,,,,,,,,,,,,
,,Antelope jackrabbit,,,,,,,,,,,,,,,,,,,,,
,,Corvette mako shark,,,,,,,,,,,,,,,,,,,,,
,,Longdog,,,,,,,,,,,,,,,,,,,,,
,,Japanese rhinoceros beetle,,,,,,,,,,,,,,,,,,,,,
,,Aquarium fish feed,,,,,,,,,,,,,,,,,,,,,
,,Cat fish,,,,,,,,,,,,,,,,,,,,,
,,Horse-heal,,,,,,,,,,,,,,,,,,,,,
,,Polydactyl cat,,,,,,,,,,,,,,,,,,,,,
,,Jaguar xk140,,,,,,,,,,,,,,,,,,,,,
,,Jaguar xk120,,,,,,,,,,,,,,,,,,,,,
,,Dog meat,,,,,,,,,,,,,,,,,,,,,
,,Fishing,,,,,,,,,,,,,,,,,,,,,
,,Arizona Black tailed Prairie Dog,,,,,,,,,,,,,,,,,,,,,
,,Rock fishing,,,,,,,,,,,,,,,,,,,,,
,,Sagebrush lizard,,,,,,,,,,,,,,,,,,,,,
,,Banded rock lizard,,,,,,,,,,,,,,,,,,,,,
,,Catch wrestling,,,,,,,,,,,,,,,,,,,,,
,,Thunder snake,,,,,,,,,,,,,,,,,,,,,
,,Cattleya rex,,,,,,,,,,,,,,,,,,,,,
,,Bay pipefish,,,,,,,,,,,,,,,,,,,,,
,,Feuerzangenbowle,,,,,,,,,,,,,,,,,,,,,
,,Fish head curry,,,,,,,,,,,,,,,,,,,,,
,,Eastern box turtle,,,,,,,,,,,,,,,,,,,,,
,,Ancient dog breeds,,,,,,,,,,,,,,,,,,,,,
,,Bowling pin,,,,,,,,,,,,,,,,,,,,,
,,Eastern diamondback rattlesnake,,,,,,,,,,,,,,,,,,,,,
,,Whaler,,,,,,,,,,,,,,,,,,,,,
,,Jaguar xjr-9,,,,,,,,,,,,,,,,,,,,,
,,Caucasian shepherd dog,,,,,,,,,,,,,,,,,,,,,
,,Czechoslovakian wolfdog,,,,,,,,,,,,,,,,,,,,,
,,Plains Gartersnake,,,,,,,,,,,,,,,,,,,,,
,,Silver fox,,,,,,,,,,,,,,,,,,,,,
,,Vine snake,,,,,,,,,,,,,,,,,,,,,
,,Lyre snake,,,,,,,,,,,,,,,,,,,,,
,,Little red flying fox,,,,,,,,,,,,,,,,,,,,,
,,Goat milk,,,,,,,,,,,,,,,,,,,,,
,,Morris cowley,,,,,,,,,,,,,,,,,,,,,
,,Pholisora catullus,,,,,,,,,,,,,,,,,,,,,
,,Spanish fish,,,,,,,,,,,,,,,,,,,,,
,,Hot dog stand,,,,,,,,,,,,,,,,,,,,,
,,Salty dog,,,,,,,,,,,,,,,,,,,,,
,,Bakharwal dog,,,,,,,,,,,,,,,,,,,,,
,,Eastern Indigo Snake,,,,,,,,,,,,,,,,,,,,,
,,California Legless Lizard,,,,,,,,,,,,,,,,,,,,,
,,Dog banana,,,,,,,,,,,,,,,,,,,,,
,,Long nosed Snake,,,,,,,,,,,,,,,,,,,,,
,,Hog-nosed snakes,,,,,,,,,,,,,,,,,,,,,
,,Water snake,,,,,,,,,,,,,,,,,,,,,
,,American Snout orCommon Snout Butterfly,,,,,,,,,,,,,,,,,,,,,
,,Dog crate,,,,,,,,,,,,,,,,,,,,,
,,Eagle bone whistle,,,,,,,,,,,,,,,,,,,,,
,,Turtle soup,,,,,,,,,,,,,,,,,,,,,
,,Crayfish,,,,,,,,,,,,,,,,,,,,,
,,Great white shark,,,,,,,,,,,,,,,,,,,,,
,,Decathlon,,,,,,,,,,,,,,,,,,,,,
,,Teenage mutant ninja turtles,,,,,,,,,,,,,,,,,,,,,
,,Ringneck snake,,,,,,,,,,,,,,,,,,,,,
,,Bowler,,,,,,,,,,,,,,,,,,,,,
,,Eastern Hognose Snake,,,,,,,,,,,,,,,,,,,,,
,,Central asian shepherd dog,,,,,,,,,,,,,,,,,,,,,
,,Northern catalpa,,,,,,,,,,,,,,,,,,,,,
,,Dragon's beard candy,,,,,,,,,,,,,,,,,,,,,
,,Jaguar mark iv,,,,,,,,,,,,,,,,,,,,,
,,Horseradish,,,,,,,,,,,,,,,,,,,,,
,,Big cats,,,,,,,,,,,,,,,,,,,,,
,,Cathedral,,,,,,,,,,,,,,,,,,,,,
,,Feeder fish,,,,,,,,,,,,,,,,,,,,,
,,Hag fish,,,,,,,,,,,,,,,,,,,,,
,,Chili dog,,,,,,,,,,,,,,,,,,,,,
,,Fish and chips,,,,,,,,,,,,,,,,,,,,,
,,Smoked fish,,,,,,,,,,,,,,,,,,,,,
,,Flatfish,,,,,,,,,,,,,,,,,,,,,
,,Perching bird,,,,,,,,,,,,,,,,,,,,,
,,Fish sauce,,,,,,,,,,,,,,,,,,,,,
,,Polish tatra sheepdog,,,,,,,,,,,,,,,,,,,,,
,,Fish meal,,,,,,,,,,,,,,,,,,,,,
,,Western Diamond backed Rattlesnake,,,,,,,,,,,,,,,,,,,,,
,,Bluefish,,,,,,,,,,,,,,,,,,,,,
,,Catfish,,,,,,,,,,,,,,,,,,,,,
,,Fishing rod,,,,,,,,,,,,,,,,,,,,,
,,Fishing reel,,,,,,,,,,,,,,,,,,,,,
,,Fish hook,,,,,,,,,,,,,,,,,,,,,
,,Striped Burrfish,,,,,,,,,,,,,,,,,,,,,
,,Convictfish,,,,,,,,,,,,,,,,,,,,,
,,Prairie Rattlesnake,,,,,,,,,,,,,,,,,,,,,
,,Common weakfish,,,,,,,,,,,,,,,,,,,,,
,,Brown snake,,,,,,,,,,,,,,,,,,,,,
,,Night snake,,,,,,,,,,,,,,,,,,,,,
,,Salmon-like fish,,,,,,,,,,,,,,,,,,,,,
,,Ribbon snake,,,,,,,,,,,,,,,,,,,,,
,,Diamondback water snake,,,,,,,,,,,,,,,,,,,,,
,,Dog hiking,,,,,,,,,,,,,,,,,,,,,
,,Pygmy Rattlesnake,,,,,,,,,,,,,,,,,,,,,
,,Plain bellied Watersnake,,,,,,,,,,,,,,,,,,,,,
,,Jaguar xj13,,,,,,,,,,,,,,,,,,,,,
,,American black bear,,,,,,,,,,,,,,,,,,,,,
,,Catfoot cudweed,,,,,,,,,,,,,,,,,,,,,
,,Nurse shark,,,,,,,,,,,,,,,,,,,,,
,,Mud turtle,,,,,,,,,,,,,,,,,,,,,
,,Eastern Musk Turtle,,,,,,,,,,,,,,,,,,,,,
,,Lesser earless lizard,,,,,,,,,,,,,,,,,,,,,
,,Map turtle,,,,,,,,,,,,,,,,,,,,,
,,Colorado Hairstreak Butterfly,,,,,,,,,,,,,,,,,,,,,
,,Florida Softshell Turtle,,,,,,,,,,,,,,,,,,,,,
,,Fishcake,,,,,,,,,,,,,,,,,,,,,
,,Western pond turtle,,,,,,,,,,,,,,,,,,,,,
,,Crawfish Frog,,,,,,,,,,,,,,,,,,,,,
,,Eastern catalpa,,,,,,,,,,,,,,,,,,,,,
,,Groundsnake,,,,,,,,,,,,,,,,,,,,,
,,Camellia sasanqua,,,,,,,,,,,,,,,,,,,,,
,,Bird food,,,,,,,,,,,,,,,,,,,,,
,,Jaguar xjr-14,,,,,,,,,,,,,,,,,,,,,
,,Western hognose Snake,,,,,,,,,,,,,,,,,,,,,
,,Bird of prey,,,,,,,,,,,,,,,,,,,,,
,,Cattleya labiata,,,,,,,,,,,,,,,,,,,,,
,,Smooth Earth Snake,,,,,,,,,,,,,,,,,,,,,
,,Checkered Garter Snake,,,,,,,,,,,,,,,,,,,,,
,,Lockheed sr-71 blackbird,,,,,,,,,,,,,,,,,,,,,
,,Banded water snake,,,,,,,,,,,,,,,,,,,,,
,,Mud Snake,,,,,,,,,,,,,,,,,,,,,
,,Cowfish,,,,,,,,,,,,,,,,,,,,,
,,Przewalski's horse,,,,,,,,,,,,,,,,,,,,,
,,Sargassumfish,,,,,,,,,,,,,,,,,,,,,
,,Moscow watchdog,,,,,,,,,,,,,,,,,,,,,
,,Dogo guatemalteco,,,,,,,,,,,,,,,,,,,,,
,,Danish swedish farmdog,,,,,,,,,,,,,,,,,,,,,
,,Tabby cat,,,,,,,,,,,,,,,,,,,,,
,,Fishing float,,,,,,,,,,,,,,,,,,,,,
,,Rhododendron catawbiense,,,,,,,,,,,,,,,,,,,,,
,,Water bird,,,,,,,,,,,,,,,,,,,,,
,,Reciprocating saws,,,,,,,,,,,,,,,,,,,,,
,,Fennec fox,,,,,,,,,,,,,,,,,,,,,
,,Tahltan bear dog,,,,,,,,,,,,,,,,,,,,,
,,Ostrich meat,,,,,,,,,,,,,,,,,,,,,
,,Communication Device,,,,,,,,,,,,,,,,,,,,,
,,Maserati birdcage 75th,,,,,,,,,,,,,,,,,,,,,
,,Chinese chongqing dog,,,,,,,,,,,,,,,,,,,,,
,,Napoleon cat,,,,,,,,,,,,,,,,,,,,,
,,Lovebird,,,,,,,,,,,,,,,,,,,,,
,,Horsetail family,,,,,,,,,,,,,,,,,,,,,
,,Peafowl,,,,,,,,,,,,,,,,,,,,,
,,Slender sharksucker,,,,,,,,,,,,,,,,,,,,,
,,Bird supply,,,,,,,,,,,,,,,,,,,,,
,,Horse supplies,,,,,,,,,,,,,,,,,,,,,
,,Bowling shoe,,,,,,,,,,,,,,,,,,,,,
,,Bowling ball bag,,,,,,,,,,,,,,,,,,,,,
,,Cat supply,,,,,,,,,,,,,,,,,,,,,
,,Cd/dvd duplicator,,,,,,,,,,,,,,,,,,,,,
,,Cat bed,,,,,,,,,,,,,,,,,,,,,
,,Bird toy,,,,,,,,,,,,,,,,,,,,,
,,Dog clothes,,,,,,,,,,,,,,,,,,,,,
,,Cat toy,,,,,,,,,,,,,,,,,,,,,
,,Dog supply,,,,,,,,,,,,,,,,,,,,,
,,Dog treat,,,,,,,,,,,,,,,,,,,,,
,,Fish supply,,,,,,,,,,,,,,,,,,,,,
,,Anemone fish,,,,,,,,,,,,,,,,,,,,,
,,Volkswagen beetle,,,,,,,,,,,,,,,,,,,,,
,,Fisherman sandal,,,,,,,,,,,,,,,,,,,,,
,,Horsetail,,,,,,,,,,,,,,,,,,,,,
,,Fox hunting,,,,,,,,,,,,,,,,,,,,,
,,Caricaturist,,,,,,,,,,,,,,,,,,,,,
,,Dog Snapper,,,,,,,,,,,,,,,,,,,,,
,,Cricket-like insect,,,,,,,,,,,,,,,,,,,,,
,,Hummingbird,,,,,,,,,,,,,,,,,,,,,
,,Red Turtlehead,,,,,,,,,,,,,,,,,,,,,
,,Eagleray,,,,,,,,,,,,,,,,,,,,,
,,Ray-finned fish,,,,,,,,,,,,,,,,,,,,,
,,Stag beetles,,,,,,,,,,,,,,,,,,,,,
,,Cattleya elongata,,,,,,,,,,,,,,,,,,,,,
,,Salted fish,,,,,,,,,,,,,,,,,,,,,
,,Horse racing,,,,,,,,,,,,,,,,,,,,,
,,Camellia,,,,,,,,,,,,,,,,,,,,,
,,Catchfly,,,,,,,,,,,,,,,,,,,,,
,,Domestic long-haired cat,,,,,,,,,,,,,,,,,,,,,
,,Songbird,,,,,,,,,,,,,,,,,,,,,
,,Hagfish,,,,,,,,,,,,,,,,,,,,,
,,Dog breed,,,,,,,,,,,,,,,,,,,,,
,,Singing bowl,,,,,,,,,,,,,,,,,,,,,
,,AdÃ©lie penguin,,,,,,,,,,,,,,,,,,,,,
,,Golden eagle,,,,,,,,,,,,,,,,,,,,,
,,Sonoran coral snake,,,,,,,,,,,,,,,,,,,,,
,,Cattlianthe jewel box,,,,,,,,,,,,,,,,,,,,,
,,Angry birds,,,,,,,,,,,,,,,,,,,,,
,,Butterfish,,,,,,,,,,,,,,,,,,,,,
,,Rabbit meat,,,,,,,,,,,,,,,,,,,,,
,,Goat racing,,,,,,,,,,,,,,,,,,,,,
,,Dog sports,,,,,,,,,,,,,,,,,,,,,
,,Cautleya spicata,,,,,,,,,,,,,,,,,,,,,
,,Arctic fox,,,,,,,,,,,,,,,,,,,,,
,,Louisiana catahoula leopard dog,,,,,,,,,,,,,,,,,,,,,
,,Bowl/Basin,,,,,,,,,,,,,,,,,,,,,
,,Other Fish,,,,,,,,,,,,,,,,,,,,,
,,Wild Bird,,,,,,,,,,,,,,,,,,,,,